Postcode,Avg asking rent (pm),Avg. household income
BR1 1,"1,501","67,100"
BR1 2,"2,000","68,200"
BR1 3,"1,650","62,800"
BR1 4,"1,813","51,600"
BR1 5,,"46,900"
BR2 0,"1,599","67,500"
BR2 6,,"58,900"
BR2 7,,"68,000"
BR2 8,,"56,300"
BR2 9,"1,780","67,200"
BR3 1,"1,710","63,700"
BR3 3,,"64,200"
BR3 4,"1,682","62,700"
BR3 5,"1,657","67,600"
BR3 6,,"67,700"
BR4 0,,"66,000"
BR4 9,,"65,100"
BR5 1,,"68,000"
BR5 2,,"50,300"
BR5 3,,"46,000"
BR5 4,,"52,100"
BR6 0,"1,783","59,100"
BR6 6,,"60,900"
BR6 7,,"53,000"
BR6 8,,"67,800"
BR6 9,"2,222","63,600"
BR7 5,,"70,600"
BR7 6,,"59,500"
BR8 7,,"47,900"
BR8 8,,"55,100"
CR0 0,,"41,100"
CR0 1,"1,593","54,500"
CR0 2,"1,521","45,900"
CR0 3,,"48,300"
CR0 4,"1,946","52,200"
CR0 5,,"62,800"
CR0 6,"1,614","55,200"
CR0 7,,"58,600"
CR0 8,,"57,000"
CR0 9,,"48,600"
CR2 0,"2,025","64,500"
CR2 6,"1,640","58,000"
CR2 7,"1,721","63,100"
CR2 8,,"58,500"
CR2 9,,"61,600"
CR3 0,,"63,900"
CR3 5,"1,654","57,200"
CR3 6,"1,658","62,700"
CR3 7,,"63,300"
CR4 1,,"52,200"
CR4 2,"2,034","58,200"
CR4 3,"2,030","52,500"
CR4 4,,"51,700"
CR5 1,,"59,600"
CR5 2,,"62,000"
CR5 3,,"67,000"
CR6 9,,"56,700"
CR7 6,,"50,600"
CR7 7,"1,479","50,100"
CR7 8,"1,644","53,400"
CR8 1,,"63,000"
CR8 2,"1,628","62,100"
CR8 3,"1,832","66,900"
CR8 4,,"62,600"
CR8 5,"2,479","63,900"
DA1 1,,"56,000"
DA1 2,"1,583","55,900"
DA1 3,,"61,200"
DA1 4,,"50,000"
DA1 5,"1,807","59,800"
DA10 0,,"55,300"
DA11 0,"1,146","47,300"
DA11 7,,"54,100"
DA11 8,,"50,400"
DA11 9,"1,271","52,000"
DA12 1,,"51,500"
DA12 2,,"51,700"
DA12 3,,"52,300"
DA12 4,,"52,800"
DA12 5,,"49,800"
DA13 0,,"57,300"
DA13 9,,"57,300"
DA14 4,,"52,400"
DA14 5,,"47,300"
DA14 6,,"52,300"
DA15 7,,"57,700"
DA15 8,,"61,000"
DA15 9,,"57,000"
DA16 1,,"57,600"
DA16 2,,"58,500"
DA16 3,"1,582","52,500"
DA17 5,,"48,900"
DA17 6,,"49,200"
DA2 6,"1,920","56,000"
DA2 7,,"53,300"
DA2 8,,"50,500"
DA3 7,,"52,200"
DA3 8,,"48,700"
DA4 0,,"51,600"
DA4 9,,"51,100"
DA5 1,,"60,200"
DA5 2,,"58,400"
DA5 3,,"61,800"
DA6 7,,"57,700"
DA6 8,,"59,600"
DA7 4,,"57,400"
DA7 5,,"56,900"
DA7 6,,"54,500"
DA8 1,"1,618","48,200"
DA8 2,,"44,700"
DA8 3,,"48,200"
DA9 9,"1,498","60,400"
E1 0,,"53,100"
E1 1,"2,235","60,400"
E1 2,"2,303","53,500"
E1 3,,"48,600"
E1 4,"2,270","50,500"
E1 5,,"56,100"
E1 6,"2,480","60,500"
E1 7,,"70,400"
E1 8,"2,487","70,000"
E10 5,"1,850","53,200"
E10 6,"1,795","57,300"
E10 7,,"52,900"
E11 1,"1,724","62,700"
E11 2,"1,905","71,200"
E11 3,"1,730","58,000"
E11 4,"1,748","52,800"
E12 5,,"50,100"
E12 6,"1,777","46,800"
E13 0,"1,851","47,900"
E13 8,"1,772","47,300"
E13 9,"2,000","48,500"
E14 0,"2,540","53,300"
E14 2,,"76,800"
E14 3,"2,436","71,800"
E14 4,,"56,100"
E14 6,"2,087","47,800"
E14 7,"1,970","58,500"
E14 8,"2,453","59,900"
E14 9,"2,507","67,700"
E15 1,"2,222","56,600"
E15 2,"2,154","61,600"
E15 3,,"47,400"
E15 4,"1,978","53,000"
E16 1,"2,015","58,200"
E16 2,"2,245","59,400"
E16 3,"2,098","51,100"
E16 4,,"48,500"
E17 3,,"51,000"
E17 4,"2,142","57,000"
E17 5,"2,075","53,800"
E17 6,"1,954","55,300"
E17 7,"1,951","54,700"
E17 8,,"54,700"
E17 9,"1,883","56,800"
E18 1,"1,612","63,400"
E18 2,"1,838","68,400"
E1W 1,"2,861","93,000"
E1W 2,"3,314","82,300"
E1W 3,"2,225","75,000"
E2 0,"2,210","52,300"
E2 6,"2,219","55,000"
E2 7,,"53,700"
E2 8,"2,419","56,800"
E2 9,"2,449","52,200"
E3 2,"2,186","58,900"
E3 3,"2,108","50,400"
E3 4,"2,238","51,700"
E3 5,"2,132","58,700"
E4 6,,"54,600"
E4 7,"2,097","53,500"
E4 8,,"52,900"
E4 9,,"58,400"
E5 0,"2,379","54,900"
E5 8,"2,165","51,000"
E5 9,"2,059","47,400"
E6 1,,"45,200"
E6 2,,"48,500"
E6 3,,"48,700"
E6 5,,"51,700"
E6 6,,"48,900"
E7 0,,"50,800"
E7 8,,"47,200"
E7 9,"1,684","49,800"
E8 1,"2,175","56,700"
E8 2,"2,237","55,300"
E8 3,"2,360","64,600"
E8 4,"2,398","58,700"
E9 5,"2,264","49,200"
E9 6,"2,525","49,600"
E9 7,"2,064","57,600"
EC1A 7,,"101,800"
EC1M 5,,"64,100"
EC1M 6,,"68,200"
EC1N 7,,"54,200"
EC1N 8,,"54,100"
EC1V 1,"3,307","79,400"
EC1V 2,"3,620","58,600"
EC1V 3,,"58,500"
EC1V 4,,"63,600"
EC1V 7,,"62,900"
EC1V 8,,"58,800"
EC1V 9,,"57,600"
EC1Y 8,,"56,700"
EC2A 3,,"59,600"
EC2A 4,"3,108","58,800"
EC2Y 8,"2,848","101,800"
EC4A 1,,"101,800"
EN1 1,"1,768","55,100"
EN1 2,"1,783","57,800"
EN1 3,,"60,000"
EN1 4,,"47,900"
EN10 6,,"50,000"
EN10 7,,"58,400"
EN11 0,,"50,400"
EN11 8,"1,329","47,500"
EN11 9,,"53,900"
EN2 0,,"56,500"
EN2 6,,"60,200"
EN2 7,,"63,100"
EN2 8,"1,513","58,600"
EN3 4,,"45,400"
EN3 5,"1,879","45,500"
EN3 6,"1,707","47,800"
EN3 7,,"45,200"
EN4 0,"3,119","58,100"
EN4 8,"1,796","59,700"
EN4 9,,"61,000"
EN5 1,,"61,200"
EN5 2,"1,983","57,200"
EN5 3,,"59,400"
EN5 4,,"63,500"
EN5 5,"1,548","61,700"
EN6 1,"1,619","58,100"
EN6 2,,"56,300"
EN6 3,,"59,100"
EN6 4,,"56,600"
EN6 5,,"51,600"
EN7 5,,"52,000"
EN7 6,,"51,900"
EN8 0,,"49,200"
EN8 7,"1,508","48,000"
EN8 8,,"49,200"
EN8 9,,"48,800"
EN9 1,,"47,100"
EN9 2,,"51,300"
EN9 3,,"47,800"
EX1 1,"1,599","45,300"
EX1 2,"2,309","44,900"
EX1 3,"1,417","46,900"
EX10 0,,"50,000"
EX10 8,,"49,300"
EX10 9,,"44,000"
EX11 1,,"49,400"
EX12 2,,"39,300"
EX12 3,,"48,000"
EX13 5,,"40,800"
EX13 7,,"45,000"
EX14 1,,"40,600"
EX14 2,,"43,200"
EX14 3,,"50,100"
EX14 4,,"45,800"
EX14 9,,"46,600"
EX15 1,,"46,000"
EX15 2,,"49,700"
EX15 3,,"46,300"
EX16 4,,"44,000"
EX16 5,,"40,000"
EX16 6,,"42,900"
EX16 7,,"48,200"
EX16 8,,"44,400"
EX16 9,,"45,700"
EX17 2,,"43,300"
EX17 3,,"43,700"
EX17 4,,"46,700"
EX17 5,,"46,400"
EX17 6,,"44,800"
EX18 7,,"42,200"
EX19 8,,"42,500"
EX2 0,,
EX2 4,"1,606","54,100"
EX2 5,,"49,700"
EX2 6,,"47,100"
EX2 7,"1,361","53,300"
EX2 8,,"47,800"
EX2 9,,"45,900"
EX20 1,,"41,000"
EX20 2,,"44,700"
EX20 3,,"43,200"
EX20 4,,"46,600"
EX21 5,,"42,200"
EX22 6,,"39,700"
EX22 7,,"39,300"
EX23 0,,"40,100"
EX23 8,,"36,500"
EX23 9,,"39,000"
EX24 6,,"47,200"
EX3 0,,"49,800"
EX31 1,,"40,400"
EX31 2,,"42,100"
EX31 3,,"43,300"
EX31 4,,"44,600"
EX32 0,,"44,200"
EX32 7,,"38,200"
EX32 8,,"39,400"
EX32 9,,"41,800"
EX33 1,,"45,700"
EX33 2,,"45,800"
EX34 0,,"39,500"
EX34 7,,"47,500"
EX34 8,,"37,800"
EX34 9,,"35,500"
EX35 6,,"39,500"
EX36 3,,"41,000"
EX36 4,,"41,000"
EX37 9,,"41,500"
EX38 7,,"39,700"
EX38 8,,"40,500"
EX39 1,,"38,900"
EX39 2,,"38,700"
EX39 3,,"38,700"
EX39 4,,"39,300"
EX39 5,,"41,000"
EX39 6,,"41,300"
EX4 1,,"45,400"
EX4 2,,"45,600"
EX4 3,"1,622","38,400"
EX4 4,"1,630","41,300"
EX4 5,,"50,100"
EX4 6,"1,684","41,800"
EX4 7,"2,467","44,700"
EX4 8,,"47,800"
EX4 9,,"43,300"
EX5 1,,"52,700"
EX5 2,,"51,700"
EX5 3,,"54,100"
EX5 4,,"51,800"
EX5 5,,"51,100"
EX6 6,,"47,000"
EX6 7,,"48,700"
EX6 8,"1,113","50,200"
EX7 0,,"42,400"
EX7 9,,"40,300"
EX8 1,,"41,900"
EX8 2,,"42,500"
EX8 3,,"46,900"
EX8 4,,"45,300"
EX8 5,,"49,900"
EX9 6,,"48,500"
EX9 7,,"49,700"
HA0 1,"1,995","52,700"
HA0 2,,"54,600"
HA0 3,,"58,600"
HA0 4,,"51,900"
HA1 1,"1,773","57,700"
HA1 2,"1,728","60,600"
HA1 3,"1,971","67,700"
HA1 4,"1,946","60,300"
HA2 0,"1,876","57,600"
HA2 6,"2,535","66,300"
HA2 7,"1,801","67,000"
HA2 8,"1,992","54,800"
HA2 9,"1,586","57,100"
HA3 0,"1,638","61,100"
HA3 5,"1,733","53,100"
HA3 6,,"57,200"
HA3 7,"1,666","52,600"
HA3 8,"2,132","61,100"
HA3 9,,"56,600"
HA4 0,,"61,900"
HA4 6,,"63,000"
HA4 7,,"60,900"
HA4 8,,"63,700"
HA4 9,,"67,600"
HA5 1,"2,218","71,700"
HA5 2,"2,001","61,900"
HA5 3,"1,802","63,400"
HA5 4,"1,749","59,800"
HA5 5,,"69,400"
HA6 1,"1,757","57,900"
HA6 2,"2,229","64,000"
HA6 3,"2,408","73,100"
HA7 1,"1,990","61,100"
HA7 2,,"63,800"
HA7 3,"2,631","56,700"
HA7 4,"2,068","57,700"
HA8 0,,"51,800"
HA8 5,,"58,900"
HA8 6,"2,025","57,700"
HA8 7,,"55,900"
HA8 8,"2,311","57,800"
HA8 9,"2,790","54,300"
HA9 0,"2,203","51,800"
HA9 6,,"52,800"
HA9 7,,"54,500"
HA9 8,"2,160","56,100"
HA9 9,,"51,300"
IG1 1,"1,879","49,400"
IG1 2,"1,882","47,100"
IG1 3,,"51,900"
IG1 4,"1,478","54,600"
IG10 1,,"62,000"
IG10 2,,"49,700"
IG10 3,"2,021","57,000"
IG10 4,,"65,500"
IG11 0,"1,629","46,600"
IG11 7,"1,639","45,300"
IG11 8,,"48,400"
IG11 9,,"52,000"
IG2 6,"1,754","58,100"
IG2 7,"2,075","55,500"
IG3 8,"1,810","52,200"
IG3 9,"2,359","51,600"
IG4 5,,"60,000"
IG5 0,,"56,700"
IG6 1,"2,031","57,700"
IG6 2,"1,943","54,000"
IG6 3,,"51,400"
IG7 4,"2,020","51,700"
IG7 5,"2,115","57,300"
IG7 6,,"63,300"
IG8 0,,"66,300"
IG8 7,,"61,200"
IG8 8,"2,004","57,800"
IG8 9,,"64,400"
IG9 5,"2,202","64,100"
IG9 6,,"63,500"
KT1 1,,"66,900"
KT1 2,"2,186","63,800"
KT1 3,"2,558","54,200"
KT1 4,,"71,200"
KT10 0,"2,502","83,500"
KT10 8,,"84,300"
KT10 9,"2,038","82,600"
KT11 1,,"66,500"
KT11 2,"5,720","74,700"
KT11 3,,"85,700"
KT12 1,"1,669","71,400"
KT12 2,"1,732","64,300"
KT12 3,,"72,000"
KT12 4,,"60,800"
KT12 5,"2,394","70,000"
KT13 0,"3,856","81,900"
KT13 8,"1,604","71,600"
KT13 9,"2,025","76,800"
KT14 6,"1,702","75,100"
KT14 7,,"60,200"
KT15 1,,"59,000"
KT15 2,"1,520","60,700"
KT15 3,"2,014","68,000"
KT16 0,"1,886","61,300"
KT16 8,"1,432","58,800"
KT16 9,"1,550","59,700"
KT17 1,,"67,500"
KT17 2,,"75,400"
KT17 3,,"68,600"
KT17 4,,"67,700"
KT18 5,,"65,600"
KT18 6,,"68,500"
KT18 7,,"71,100"
KT19 0,,"74,400"
KT19 8,"1,650","71,100"
KT19 9,,"69,500"
KT2 5,"2,228","73,000"
KT2 6,"2,151","67,900"
KT2 7,,"64,900"
KT20 5,,"61,500"
KT20 6,,"64,900"
KT20 7,,"60,700"
KT21 1,,"67,600"
KT21 2,,"69,700"
KT22 0,,"89,500"
KT22 7,"1,525","53,400"
KT22 8,,"64,400"
KT22 9,,"64,800"
KT23 3,,"58,000"
KT23 4,,"57,500"
KT24 5,,"73,200"
KT24 6,,"73,200"
KT3 3,"2,271","63,200"
KT3 4,"1,864","65,500"
KT3 5,,"60,100"
KT3 6,,"68,400"
KT4 7,"1,723","66,700"
KT4 8,,"62,200"
KT5 8,"1,956","65,900"
KT5 9,,"65,300"
KT6 4,"1,766","65,400"
KT6 5,"2,237","75,500"
KT6 6,"1,747","62,500"
KT6 7,"1,855","62,000"
KT7 0,"2,448","85,900"
KT8 0,,"78,400"
KT8 1,,"67,600"
KT8 2,,"59,500"
KT8 9,"2,253","76,500"
KT9 1,,"61,500"
KT9 2,,"60,300"
N1 0,"2,607","60,500"
N1 1,"2,675","76,800"
N1 2,"3,375","64,600"
N1 3,"2,269","65,100"
N1 4,,"63,100"
N1 5,"2,712","61,700"
N1 6,"2,799","59,200"
N1 7,"2,817","58,500"
N1 8,"2,561","73,100"
N1 9,"2,644","58,500"
N10 1,"1,851","69,100"
N10 2,"1,925","69,200"
N10 3,"1,942","76,400"
N11 1,"1,896","58,300"
N11 2,"1,689","57,600"
N11 3,"2,166","57,900"
N12 0,"1,774","57,500"
N12 7,"3,540","69,300"
N12 8,"1,854","60,400"
N12 9,"1,877","58,600"
N13 4,"1,767","63,200"
N13 5,"1,653","58,900"
N13 6,,"53,000"
N14 4,"2,014","57,700"
N14 5,,"64,200"
N14 6,"1,774","62,400"
N14 7,,"66,900"
N15 3,"1,793","54,900"
N15 4,"1,832","47,000"
N15 5,"1,979","48,300"
N15 6,,"47,100"
N16 0,,"64,300"
N16 5,"1,987","48,400"
N16 6,,"48,300"
N16 7,"1,992","59,000"
N16 8,"2,381","59,400"
N16 9,"1,972","68,400"
N17 0,"1,489","41,500"
N17 6,"1,960","48,300"
N17 7,,"45,300"
N17 8,,"44,000"
N17 9,"2,289","47,200"
N18 1,"2,095","49,400"
N18 2,,"42,100"
N19 3,"2,228","56,800"
N19 4,"1,937","60,800"
N19 5,"2,260","61,700"
N2 0,"4,114","72,200"
N2 8,,"64,200"
N2 9,,"64,900"
N20 0,"1,922","59,900"
N20 8,,"60,300"
N20 9,"2,110","62,500"
N21 1,,"65,500"
N21 2,,"65,400"
N21 3,,"65,000"
N22 5,"1,872","54,400"
N22 6,"1,789","50,600"
N22 7,,"69,000"
N22 8,"1,776","54,600"
N3 1,"2,076","68,100"
N3 2,"1,901","63,200"
N3 3,"2,069","58,100"
N4 1,"2,079","57,200"
N4 2,"2,491","67,000"
N4 3,"2,055","60,000"
N4 4,"1,959","66,300"
N5 1,"2,489","77,800"
N5 2,"2,340","67,200"
N6 4,"3,105","74,100"
N6 5,"2,176","79,100"
N6 6,,"60,700"
N7 0,"2,930","61,500"
N7 6,"2,147","61,600"
N7 7,"2,120","53,500"
N7 8,"2,408","66,800"
N7 9,"2,744","60,300"
N8 0,"2,027","56,300"
N8 7,"2,146","65,000"
N8 8,"1,794","77,000"
N8 9,"2,014","72,600"
N9 0,,"41,100"
N9 7,,"47,200"
N9 8,"1,810","44,700"
N9 9,,"45,700"
NE1 2,"1,096","32,700"
NE1 3,,"31,800"
NE1 4,"1,592","31,100"
NE1 5,"1,292","31,100"
NE1 6,,"31,400"
NE10 0,,"32,000"
NE10 8,,"35,000"
NE10 9,,"31,000"
NE11 0,,"39,200"
NE11 9,,"36,800"
NE12 6,,"37,800"
NE12 7,,"38,400"
NE12 8,,"37,500"
NE12 9,,"43,800"
NE13 6,,"40,300"
NE13 7,,"45,500"
NE13 9,"1,238","46,200"
NE15 0,,"58,100"
NE15 6,,"32,000"
NE15 7,,"33,500"
NE15 8,,"34,900"
NE15 9,,"35,600"
NE16 3,,"39,100"
NE16 4,,"41,300"
NE16 5,,"43,400"
NE16 6,,"41,300"
NE17 7,,"36,500"
NE18 0,,"59,500"
NE19 1,,"41,200"
NE2 1,"1,579","37,400"
NE2 2,"2,572","42,700"
NE2 3,"2,090","46,900"
NE2 4,"1,644","34,800"
NE20 0,,"54,600"
NE20 9,,"53,900"
NE21 4,,"36,100"
NE21 5,,"34,100"
NE21 6,,"35,700"
NE22 5,,"34,700"
NE22 6,,"42,400"
NE22 7,,"35,200"
NE23 1,,"39,000"
NE23 2,,"38,400"
NE23 3,,"50,500"
NE23 6,,"37,300"
NE23 7,,"36,300"
NE23 8,,"34,100"
NE24 2,,"32,900"
NE24 3,,"39,800"
NE24 4,,"37,500"
NE24 5,,"28,000"
NE25 0,,"38,000"
NE25 8,,"45,200"
NE25 9,,"47,300"
NE26 1,,"53,300"
NE26 2,,"46,800"
NE26 3,,"54,500"
NE26 4,,"42,700"
NE27 0,,"42,100"
NE28 0,,"31,400"
NE28 6,,"34,200"
NE28 7,,"34,900"
NE28 8,,"35,500"
NE28 9,,"35,300"
NE29 0,,"35,200"
NE29 6,,"32,200"
NE29 7,,"29,900"
NE29 8,,"34,300"
NE29 9,,"43,600"
NE3 1,"1,186","56,700"
NE3 2,949,"44,400"
NE3 3,,"40,400"
NE3 4,"1,230","48,200"
NE3 5,,"56,800"
NE30 1,,"41,500"
NE30 2,,"44,800"
NE30 3,,"45,400"
NE30 4,,"45,200"
NE31 1,,"36,900"
NE31 2,,"34,900"
NE32 3,,"29,600"
NE32 4,,"32,900"
NE32 5,,"32,700"
NE33 1,,"29,500"
NE33 2,,"33,400"
NE33 3,,"34,400"
NE33 4,,"32,400"
NE33 5,,"28,700"
NE34 0,,"32,700"
NE34 6,,"37,700"
NE34 7,,"33,200"
NE34 8,,"31,900"
NE34 9,,"29,500"
NE35 9,,"35,700"
NE36 0,,"44,800"
NE37 1,,"34,800"
NE37 2,,"32,100"
NE37 3,,"33,600"
NE38 0,,"39,200"
NE38 7,,"37,000"
NE38 8,,"41,200"
NE38 9,,"43,900"
NE39 1,,"40,800"
NE39 2,,"36,200"
NE4 5,"1,268","33,500"
NE4 6,,"31,400"
NE4 8,,"30,900"
NE4 9,,"35,000"
NE40 3,,"41,900"
NE40 4,,"40,700"
NE42 5,,"40,400"
NE42 6,,"43,000"
NE43 7,,"49,700"
NE45 5,,"50,000"
NE46 1,,"42,800"
NE46 2,,"42,800"
NE46 3,,"42,800"
NE46 4,,"43,600"
NE47 9,,"42,500"
NE49 9,,"36,900"
NE5 1,,"38,200"
NE5 2,,"34,700"
NE5 3,,"35,600"
NE5 4,,"35,200"
NE5 5,,"37,300"
NE6 1,,"32,100"
NE6 2,,"30,500"
NE6 3,,"28,400"
NE6 4,,"32,200"
NE6 5,"1,494","36,700"
NE61 1,,"38,700"
NE61 2,,"47,700"
NE61 3,,"50,900"
NE61 5,,"36,500"
NE61 6,,"46,400"
NE62 5,,"34,100"
NE63 0,,"33,100"
NE63 8,,"36,000"
NE63 9,,"32,100"
NE64 6,,"29,500"
NE65 0,,"38,800"
NE65 7,,"42,900"
NE65 8,,"46,400"
NE65 9,,"39,000"
NE66 1,,"36,000"
NE66 2,,"43,000"
NE66 3,,"48,000"
NE66 4,,"41,200"
NE67 5,,"37,400"
NE68 7,,"36,500"
NE7 7,"1,110","52,100"
NE70 7,,"36,700"
NE71 6,,"36,500"
NE8 1,,"32,800"
NE8 2,978,"34,900"
NE8 3,844,"36,700"
NE8 4,731,"36,800"
NE9 5,,"40,500"
NE9 6,,"39,400"
NE9 7,,"33,700"
NG1 1,"1,375","39,500"
NG1 3,"1,397","31,700"
NG1 4,"1,890","29,400"
NG1 5,"1,251","37,800"
NG1 6,889,"43,700"
NG1 7,"1,444","43,600"
NG10 1,773,"37,300"
NG10 2,,"38,900"
NG10 3,,"41,100"
NG10 4,,"39,700"
NG10 5,,"39,700"
NG11 0,,"45,200"
NG11 6,978,"47,800"
NG11 7,,"43,200"
NG11 8,922,"33,900"
NG11 9,,"33,600"
NG12 1,,"46,600"
NG12 2,,"46,900"
NG12 3,,"46,000"
NG12 4,,"54,500"
NG12 5,,"48,600"
NG13 0,,"46,700"
NG13 7,,
NG13 8,"1,036","47,000"
NG13 9,,"50,600"
NG14 5,,"48,600"
NG14 6,,"42,000"
NG14 7,,"52,900"
NG15 0,,"45,400"
NG15 6,,"38,200"
NG15 7,818,"37,500"
NG15 8,,"43,900"
NG15 9,,"49,400"
NG16 1,,"42,500"
NG16 2,,"41,400"
NG16 3,799,"35,000"
NG16 4,,"36,700"
NG16 5,,"36,800"
NG16 6,,"38,200"
NG17 1,,"37,800"
NG17 2,,"34,900"
NG17 3,,"35,300"
NG17 4,733,"37,000"
NG17 5,,"33,600"
NG17 7,,"36,300"
NG17 8,,"36,400"
NG17 9,,"39,700"
NG18 1,,"35,500"
NG18 2,755,"35,400"
NG18 3,,"38,600"
NG18 4,,"47,700"
NG18 5,756,"38,900"
NG19 0,,"40,000"
NG19 6,,"36,500"
NG19 7,,"36,000"
NG19 8,809,"37,100"
NG19 9,,"37,800"
NG2 2,"1,410","37,800"
NG2 3,"1,082","41,700"
NG2 4,"1,134","35,000"
NG2 5,"1,740","58,600"
NG2 6,"1,400","54,800"
NG2 7,"1,512","52,900"
NG20 0,,"33,400"
NG20 8,,"35,500"
NG20 9,,"35,900"
NG21 0,,"36,700"
NG21 9,,"41,200"
NG22 0,,"42,500"
NG22 8,,"44,100"
NG22 9,737,"36,100"
NG23 5,,"46,600"
NG23 6,,"45,900"
NG23 7,,"44,300"
NG24 1,689,"38,600"
NG24 2,,"40,200"
NG24 3,793,"41,200"
NG24 4,,"38,500"
NG24 5,,
NG25 0,,"45,900"
NG3 1,"2,071","27,100"
NG3 2,,"33,200"
NG3 3,,"35,400"
NG3 4,858,"34,800"
NG3 5,"1,034","46,400"
NG3 6,"1,187","43,800"
NG3 7,,"36,700"
NG31 6,693,"40,200"
NG31 7,829,"36,700"
NG31 8,,"41,800"
NG31 9,,"40,100"
NG32 1,,"43,900"
NG32 2,,"44,100"
NG32 3,,"44,700"
NG33 4,,"45,400"
NG33 5,,"42,600"
NG34 0,,"42,100"
NG34 7,,"40,000"
NG34 8,,"44,900"
NG34 9,,"41,900"
NG4 1,,"38,300"
NG4 2,,"37,900"
NG4 3,,"40,200"
NG4 4,,"42,700"
NG5 1,992,"38,000"
NG5 2,872,"44,800"
NG5 3,,"42,100"
NG5 4,,"49,200"
NG5 5,"1,016","35,100"
NG5 6,,"41,200"
NG5 7,,"39,100"
NG5 8,,"40,400"
NG5 9,,"36,700"
NG6 0,897,"34,800"
NG6 7,,"32,000"
NG6 8,864,"32,900"
NG6 9,,"33,800"
NG7 1,"2,625","39,300"
NG7 2,"2,251","31,200"
NG7 3,"1,464","30,300"
NG7 4,"1,663","30,300"
NG7 5,974,"30,700"
NG7 6,"1,611","33,300"
NG7 7,,"39,300"
NG8 1,"1,976","43,000"
NG8 2,"1,315","47,700"
NG8 3,,"35,300"
NG8 4,,"34,900"
NG8 5,,"35,500"
NG8 6,,"33,700"
NG9 1,"1,281","42,100"
NG9 2,"1,704","41,700"
NG9 3,,"50,700"
NG9 4,,"43,300"
NG9 5,,"43,100"
NG9 6,,"50,900"
NG9 7,,"39,000"
NG9 8,,"36,400"
NN1 1,874,"40,900"
NN1 2,,"36,900"
NN1 3,895,"41,500"
NN1 4,881,"44,700"
NN1 5,936,"44,200"
NN10 0,989,"40,600"
NN10 6,,"41,400"
NN10 8,,"44,700"
NN10 9,,"43,600"
NN11 0,,"48,100"
NN11 2,,"47,200"
NN11 3,,"47,100"
NN11 4,,"41,000"
NN11 6,,"47,000"
NN11 8,,"48,100"
NN11 9,,"40,600"
NN12 6,,"48,800"
NN12 7,,"49,300"
NN12 8,,"52,900"
NN13 5,,"53,400"
NN13 6,,"51,200"
NN13 7,,"48,500"
NN14 1,,"45,800"
NN14 2,,"43,600"
NN14 3,,"48,300"
NN14 4,"1,317","47,200"
NN14 6,"1,026","40,900"
NN15 5,"1,165","45,200"
NN15 6,,"42,100"
NN15 7,,"39,700"
NN16 0,,"37,800"
NN16 8,916,"39,100"
NN16 9,970,"42,400"
NN17 1,,"42,200"
NN17 2,,"38,800"
NN17 3,,"46,400"
NN18 0,,"37,400"
NN18 8,"1,059","47,900"
NN18 9,,"39,700"
NN2 6,996,"39,700"
NN2 7,"1,116","41,000"
NN2 8,,"41,800"
NN29 7,,"42,800"
NN3 2,,"41,600"
NN3 3,,"50,400"
NN3 5,,"41,900"
NN3 6,,"43,900"
NN3 7,,"48,000"
NN3 8,,"41,700"
NN3 9,,"46,300"
NN4 0,,"54,900"
NN4 5,,"52,000"
NN4 6,,"55,800"
NN4 8,"1,070","44,300"
NN4 9,,"51,100"
NN5 4,,"54,300"
NN5 5,"1,072","41,700"
NN5 6,"1,195","45,100"
NN5 7,,"36,400"
NN6 0,,"44,800"
NN6 6,,"50,900"
NN6 7,,"49,500"
NN6 8,,"51,400"
NN6 9,,"51,200"
NN7 1,,"48,400"
NN7 2,,"51,200"
NN7 3,,"48,500"
NN7 4,"1,513","46,900"
NN8 1,991,"40,700"
NN8 2,,"40,100"
NN8 3,,"36,400"
NN8 4,,"41,000"
NN8 5,,"49,700"
NN9 5,,"40,800"
NN9 6,,"43,100"
NP10 8,,"43,700"
NP10 9,,"48,600"
NP11 3,,"37,800"
NP11 4,,"37,000"
NP11 5,,"35,700"
NP11 6,,"36,300"
NP11 7,,"36,600"
NP12 0,,"38,500"
NP12 1,,"39,400"
NP12 2,,"36,900"
NP12 3,,"34,500"
NP13 1,,"34,000"
NP13 2,,"31,600"
NP13 3,,"34,300"
NP15 1,,"46,500"
NP16 5,,"41,700"
NP16 6,,"50,200"
NP16 7,,"52,000"
NP18 1,,"44,400"
NP18 2,,"47,100"
NP18 3,,"44,500"
NP19 0,,"37,700"
NP19 4,,"36,900"
NP19 7,,"39,100"
NP19 8,,"37,900"
NP19 9,,"34,400"
NP20 2,,"35,200"
NP20 3,,"38,100"
NP20 4,965,"39,300"
NP20 5,,"40,800"
NP20 6,,"39,700"
NP20 7,,"33,800"
NP22 3,,"34,300"
NP22 4,,"34,500"
NP22 5,,"31,700"
NP23 4,,"34,200"
NP23 5,,"34,800"
NP23 6,,"35,200"
NP24 6,,"31,700"
NP25 3,,"38,700"
NP25 4,,"48,800"
NP25 5,,"39,800"
NP26 3,,"47,400"
NP26 4,,"39,200"
NP26 5,,"42,900"
NP4 0,,"42,400"
NP4 5,,"38,100"
NP4 6,,"34,100"
NP4 7,,"34,100"
NP4 8,,"34,300"
NP4 9,,"33,800"
NP44 1,,"35,300"
NP44 2,,"37,600"
NP44 3,,"38,900"
NP44 4,,"36,600"
NP44 5,,"35,500"
NP44 6,,"40,500"
NP44 7,,"38,700"
NP44 8,,"40,400"
NP7 0,,"42,300"
NP7 5,,"39,100"
NP7 6,,"36,700"
NP7 7,,"40,000"
NP7 8,,"42,100"
NP7 9,,"43,000"
NP8 1,,"43,700"
NR1 1,"1,089","42,300"
NR1 2,,"39,800"
NR1 3,"1,251","41,300"
NR1 4,,"38,800"
NR10 3,,"43,500"
NR10 4,,"44,000"
NR10 5,,"44,600"
NR11 6,,"41,300"
NR11 7,,"41,000"
NR11 8,,"39,000"
NR12 0,,"39,200"
NR12 7,,"46,500"
NR12 8,,"42,700"
NR12 9,,"36,400"
NR13 3,,"41,400"
NR13 4,,"45,300"
NR13 5,,"48,000"
NR13 6,,"47,900"
NR14 6,,"46,000"
NR14 7,,"48,700"
NR14 8,,"50,100"
NR15 1,,"50,000"
NR15 2,,"44,800"
NR16 1,,"46,400"
NR16 2,,"46,200"
NR17 1,,"46,100"
NR17 2,,"45,400"
NR18 0,"1,053","44,600"
NR18 9,,"47,800"
NR19 1,920,"39,600"
NR19 2,,"41,500"
NR2 1,,"37,700"
NR2 2,"1,418","45,900"
NR2 3,"1,589","48,800"
NR2 4,"1,225","36,900"
NR20 3,,"43,800"
NR20 4,,"44,300"
NR20 5,,"44,400"
NR21 0,,"40,800"
NR21 7,,"40,100"
NR21 8,,"38,400"
NR21 9,,"39,200"
NR23 1,,"41,000"
NR24 2,,"41,400"
NR25 6,,"39,900"
NR25 7,,"40,500"
NR26 8,,"40,100"
NR27 0,,"37,000"
NR27 9,884,"37,000"
NR28 0,,"38,000"
NR28 9,,"38,800"
NR29 3,,"39,200"
NR29 4,,"39,300"
NR29 5,,"40,300"
NR3 1,"1,220","39,900"
NR3 2,"1,180","37,600"
NR3 3,,"39,600"
NR3 4,"1,012","41,200"
NR30 1,,"32,800"
NR30 2,,"31,700"
NR30 3,726,"31,400"
NR30 4,,"34,400"
NR30 5,,"35,100"
NR31 0,,"33,400"
NR31 6,,"37,400"
NR31 7,,"34,800"
NR31 8,,"37,600"
NR31 9,,"39,100"
NR32 1,,"30,400"
NR32 2,,"31,500"
NR32 3,,"36,900"
NR32 4,,"35,500"
NR32 5,,"42,100"
NR33 0,829,"31,500"
NR33 7,,"35,400"
NR33 8,,"38,100"
NR33 9,,"35,300"
NR34 0,,"45,200"
NR34 7,,"41,100"
NR34 8,,"40,100"
NR34 9,,"37,400"
NR35 1,,"40,300"
NR35 2,,"42,500"
NR4 6,,"48,600"
NR4 7,"1,912","45,000"
NR5 0,,"46,100"
NR5 8,"2,037","37,700"
NR5 9,"1,592","38,500"
NR6 5,,"40,500"
NR6 6,,"41,100"
NR6 7,,"45,700"
NR7 0,"1,101","49,000"
NR7 8,,"42,400"
NR7 9,,"37,300"
NR8 5,,"46,400"
NR8 6,,"49,200"
NR9 3,,"51,500"
NR9 4,,"47,700"
NR9 5,,"48,300"
NW1 0,"2,636","52,600"
NW1 1,,"47,900"
NW1 2,"2,761","50,000"
NW1 3,"2,816","48,200"
NW1 4,"32,221","64,600"
NW1 5,"3,911","69,500"
NW1 6,"2,983","73,900"
NW1 7,"3,720","63,600"
NW1 8,"3,327","59,300"
NW1 9,"2,489","57,100"
NW10 0,,"44,000"
NW10 1,"2,528","51,300"
NW10 2,"1,853","49,000"
NW10 3,"2,705","56,600"
NW10 4,,"42,900"
NW10 5,"2,443","58,300"
NW10 6,"2,820","48,900"
NW10 7,"2,197","55,100"
NW10 8,,"43,700"
NW10 9,,"42,100"
NW11 0,"2,445","57,500"
NW11 6,"3,061","66,300"
NW11 7,"2,359","63,300"
NW11 8,"3,233","59,700"
NW11 9,"2,370","49,700"
NW2 1,"1,767","50,700"
NW2 2,"2,667","54,200"
NW2 3,"1,897","60,700"
NW2 4,"1,988","56,500"
NW2 5,"1,917","52,400"
NW2 6,"1,990","52,400"
NW2 7,,"47,500"
NW3 1,"6,175","88,300"
NW3 2,"3,257","72,900"
NW3 3,"4,905","67,300"
NW3 4,"2,628","79,800"
NW3 5,"5,423","83,800"
NW3 6,"4,451","81,500"
NW3 7,"4,525","82,900"
NW4 1,"1,931","55,800"
NW4 2,"1,841","54,100"
NW4 3,"1,962","52,300"
NW4 4,"1,596","53,400"
NW5 1,,"66,700"
NW5 2,"2,155","60,600"
NW5 3,,"52,300"
NW5 4,"2,789","54,700"
NW6 1,"2,270","72,200"
NW6 2,,"67,200"
NW6 3,"2,524","84,900"
NW6 4,"2,839","56,100"
NW6 5,"3,020","51,700"
NW6 6,"2,501","59,900"
NW6 7,"2,059","58,200"
NW7 1,"2,233","60,200"
NW7 2,"1,888","60,700"
NW7 3,"1,760","57,800"
NW7 4,,"62,200"
NW8 0,"4,901","59,300"
NW8 6,"5,989","73,200"
NW8 7,"6,240","74,000"
NW8 8,"4,833","47,100"
NW8 9,"3,781","67,800"
NW9 0,,"57,700"
NW9 5,"1,888","51,400"
NW9 6,"2,264","54,600"
NW9 7,"1,988","52,200"
NW9 8,,"52,500"
NW9 9,,"58,000"
RM1 1,,"49,100"
RM1 2,"1,527","52,700"
RM1 3,"1,507","49,700"
RM1 4,,"56,300"
RM10 7,,"41,500"
RM10 8,"2,007","42,800"
RM10 9,,"42,500"
RM11 1,"1,590","55,900"
RM11 2,,"59,700"
RM11 3,"1,988","57,300"
RM12 4,,"53,700"
RM12 5,,"55,100"
RM12 6,,"56,800"
RM13 7,,"49,200"
RM13 8,"1,695","46,200"
RM13 9,,"48,900"
RM14 1,,"60,000"
RM14 2,,"63,900"
RM14 3,,"63,400"
RM15 4,,"47,800"
RM15 5,,"44,500"
RM15 6,,"46,800"
RM16 2,,"48,900"
RM16 3,,"55,600"
RM16 4,,"41,700"
RM16 6,"1,481","56,600"
RM17 5,,"49,200"
RM17 6,"1,215","49,000"
RM18 7,,"40,000"
RM18 8,,"43,500"
RM19 1,"1,455","49,800"
RM2 5,,"59,900"
RM2 6,"1,690","57,500"
RM20 3,,"49,800"
RM20 4,,"49,700"
RM3 0,"1,877","57,300"
RM3 7,,"44,400"
RM3 8,,"41,600"
RM3 9,,"46,700"
RM4 1,,"52,700"
RM5 2,,"49,900"
RM5 3,,"51,500"
RM6 4,"1,720","52,600"
RM6 5,,"47,400"
RM6 6,,"50,400"
RM7 0,"1,627","52,500"
RM7 7,,"49,900"
RM7 8,,"51,200"
RM7 9,,"52,000"
RM8 1,,"47,300"
RM8 2,,"45,100"
RM8 3,,"44,600"
RM9 4,,"43,100"
RM9 5,,"42,200"
RM9 6,"1,751","44,500"
SE1 0,,"59,700"
SE1 1,"2,991","65,800"
SE1 2,"2,907","88,400"
SE1 3,"2,699","75,900"
SE1 4,"2,465","58,600"
SE1 5,"2,360","48,000"
SE1 6,"2,656","57,200"
SE1 7,"3,325","50,900"
SE1 8,"3,164","49,700"
SE1 9,,"63,100"
SE10 0,"2,239","53,800"
SE10 8,"2,027","53,800"
SE10 9,"2,248","53,700"
SE11 4,"2,629","54,800"
SE11 5,"2,503","59,700"
SE11 6,,"54,400"
SE12 0,"1,677","59,700"
SE12 8,,"58,900"
SE12 9,,"51,400"
SE13 5,"1,812","61,900"
SE13 6,"1,625","57,500"
SE13 7,"1,891","59,400"
SE14 5,"1,649","55,200"
SE14 6,"1,853","48,500"
SE15 1,,"46,000"
SE15 2,"2,230","49,900"
SE15 3,"2,271","55,700"
SE15 4,"2,130","63,600"
SE15 5,,"51,900"
SE15 6,,"44,700"
SE16 2,,"52,800"
SE16 3,"1,927","52,200"
SE16 4,"2,165","61,700"
SE16 5,"2,373","81,200"
SE16 6,"2,166","81,900"
SE16 7,"2,254","69,900"
SE17 1,"2,703","51,300"
SE17 2,"1,991","45,400"
SE17 3,"2,378","52,900"
SE18 1,,"47,300"
SE18 2,,"49,700"
SE18 3,,"55,500"
SE18 4,,"50,700"
SE18 5,"1,659","51,900"
SE18 6,"2,057","53,600"
SE18 7,,"45,300"
SE19 1,"1,712","58,600"
SE19 2,"1,643","58,900"
SE19 3,"1,823","57,400"
SE2 0,,"50,700"
SE2 9,"1,858","43,800"
SE20 7,"1,493","58,700"
SE20 8,"1,529","52,400"
SE21 7,,"84,200"
SE21 8,"2,093","64,500"
SE22 0,"2,247","66,100"
SE22 8,"2,264","70,500"
SE22 9,"1,910","73,800"
SE23 1,"2,030","63,400"
SE23 2,"1,936","61,100"
SE23 3,"1,910","63,500"
SE24 0,"2,244","64,800"
SE24 9,"1,940","77,000"
SE25 4,"1,863","47,700"
SE25 5,,"48,600"
SE25 6,"1,406","52,900"
SE26 4,,"54,900"
SE26 5,"1,648","55,300"
SE26 6,"2,006","56,600"
SE27 0,"1,932","59,100"
SE27 9,"1,815","58,400"
SE28 0,"1,780","51,600"
SE28 8,,"47,200"
SE3 0,"1,967","69,400"
SE3 7,"1,879","70,300"
SE3 8,,"54,100"
SE3 9,"2,027","59,400"
SE4 1,"2,051","60,500"
SE4 2,,"58,700"
SE5 0,"2,022","49,800"
SE5 7,"1,800","49,600"
SE5 8,"1,906","60,600"
SE5 9,"2,209","54,400"
SE6 1,,"56,100"
SE6 2,"1,587","52,200"
SE6 3,,"46,300"
SE6 4,"1,753","53,200"
SE7 7,"1,891","57,000"
SE7 8,,"50,600"
SE8 3,"2,004","52,300"
SE8 4,"1,589","50,100"
SE8 5,"2,087","51,500"
SE9 1,,"64,500"
SE9 2,,"52,900"
SE9 3,,"57,300"
SE9 4,"1,805","48,000"
SE9 5,,"50,300"
SE9 6,"1,935","54,200"
SM1 1,,"56,500"
SM1 2,"1,770","58,300"
SM1 3,"1,895","58,400"
SM1 4,"1,673","57,300"
SM2 5,"1,614","59,500"
SM2 6,"1,763","57,200"
SM2 7,,"61,800"
SM3 8,,"61,600"
SM3 9,"2,015","60,300"
SM4 4,,"66,300"
SM4 5,,"52,000"
SM4 6,,"50,100"
SM5 1,,"47,700"
SM5 2,,"57,800"
SM5 3,,"62,200"
SM5 4,,"64,000"
SM6 0,,"56,000"
SM6 7,,"58,500"
SM6 8,,"56,800"
SM6 9,,"52,600"
SM7 1,,"68,600"
SM7 2,"1,562","59,000"
SM7 3,,"64,700"
SW10 0,"4,686","56,300"
SW10 9,"3,308","79,700"
SW11 1,,"86,500"
SW11 2,"2,661","64,400"
SW11 3,"2,762","69,700"
SW11 4,"3,405","66,500"
SW11 5,"2,778","75,700"
SW11 6,,"95,800"
SW12 0,"2,560","76,000"
SW12 8,"2,405","88,600"
SW12 9,"2,522","82,900"
SW13 0,"3,434","74,800"
SW13 8,"3,519","72,000"
SW13 9,"4,412","72,000"
SW14 7,,"76,600"
SW14 8,,"76,500"
SW15 1,"2,646","83,200"
SW15 2,"2,687","85,600"
SW15 3,"2,344","63,200"
SW15 4,,"44,800"
SW15 5,,"57,400"
SW15 6,"2,121","76,500"
SW16 1,"1,835","63,500"
SW16 2,"1,834","62,700"
SW16 3,,"58,200"
SW16 4,"1,505","54,700"
SW16 5,"2,177","59,500"
SW16 6,"1,922","59,600"
SW17 0,"2,300","66,400"
SW17 6,,"80,800"
SW17 7,"2,032","83,300"
SW17 8,"2,844","70,400"
SW17 9,"2,056","64,600"
SW18 1,"2,696","85,400"
SW18 2,"2,921","77,000"
SW18 3,"2,303","79,600"
SW18 4,"2,358","76,600"
SW18 5,,"84,400"
SW19 1,"2,142","82,000"
SW19 2,"1,852","63,800"
SW19 3,"2,168","79,700"
SW19 4,"2,660","83,600"
SW19 5,"4,606","74,000"
SW19 6,"2,201","63,300"
SW19 7,"2,871","83,800"
SW19 8,"2,277","81,400"
SW1A 1,,"68,500"
SW1E 5,,"68,600"
SW1E 6,"5,099","68,600"
SW1H 0,,"68,800"
SW1P 1,"7,374","68,400"
SW1P 2,"3,955","66,900"
SW1P 3,"6,786","68,800"
SW1P 4,"4,556","59,300"
SW1V 1,,"72,600"
SW1V 2,"2,459","69,500"
SW1V 3,"2,658","61,100"
SW1V 4,"2,671","70,300"
SW1W 0,,"67,900"
SW1W 8,"4,161","60,300"
SW1W 9,"4,910","71,300"
SW1X 0,"7,380","85,700"
SW1X 7,"10,759","86,100"
SW1X 8,"9,777","86,000"
SW1X 9,"6,806","85,800"
SW2 1,"2,269","60,800"
SW2 2,"2,032","62,000"
SW2 3,"2,029","58,100"
SW2 4,"2,068","56,900"
SW2 5,"2,259","66,800"
SW20 0,"3,391","75,100"
SW20 8,"2,388","78,600"
SW20 9,"2,479","70,000"
SW3 1,"6,417","85,700"
SW3 2,"5,593","77,400"
SW3 3,"2,696","61,400"
SW3 4,"7,297","69,700"
SW3 5,"4,892","72,300"
SW3 6,"4,435","71,800"
SW4 0,"2,787","73,400"
SW4 6,"2,303","64,500"
SW4 7,"2,572","70,000"
SW4 8,"2,822","68,300"
SW4 9,"2,586","86,000"
SW5 0,"3,234","72,000"
SW5 9,"2,385","63,600"
SW6 1,"2,869","66,200"
SW6 2,"3,219","65,200"
SW6 3,"4,841","74,200"
SW6 4,"2,876","71,000"
SW6 5,"2,967","72,100"
SW6 6,"2,608","80,300"
SW6 7,"2,863","63,000"
SW7 1,"10,661","86,100"
SW7 2,"10,090","76,000"
SW7 3,"5,025","86,600"
SW7 4,"4,588","79,100"
SW7 5,"6,165","90,400"
SW8 1,"2,975","59,900"
SW8 2,"2,929","55,000"
SW8 3,"2,524","67,700"
SW8 4,"2,683","61,300"
SW8 5,,"62,100"
SW9 0,"2,141","56,600"
SW9 6,,"57,800"
SW9 7,,"47,600"
SW9 8,"1,910","59,300"
SW9 9,"2,224","62,400"
TW1 1,"2,252","83,700"
TW1 2,,"79,500"
TW1 3,,"81,100"
TW1 4,,"77,700"
TW10 5,,"75,600"
TW10 6,,"84,900"
TW10 7,,"62,400"
TW11 0,"2,210","69,700"
TW11 8,"1,910","74,000"
TW11 9,"2,542","71,000"
TW12 1,,"63,300"
TW12 2,,"66,900"
TW12 3,,"56,900"
TW13 4,"1,585","53,800"
TW13 5,,"49,800"
TW13 6,,"50,600"
TW13 7,,"53,100"
TW14 0,,"53,000"
TW14 8,,"48,500"
TW14 9,"1,798","51,500"
TW15 1,,"60,700"
TW15 2,"1,637","65,500"
TW15 3,"1,580","68,500"
TW16 5,,"72,500"
TW16 6,,"62,100"
TW16 7,"1,549","61,400"
TW17 0,,"58,900"
TW17 8,,"57,600"
TW17 9,,"57,800"
TW18 1,"1,955","60,900"
TW18 2,"1,740","66,300"
TW18 3,,"62,000"
TW18 4,"1,726","69,200"
TW19 5,,"64,600"
TW19 6,,"58,200"
TW19 7,"1,640","60,300"
TW2 5,,"68,600"
TW2 6,,"64,000"
TW2 7,"2,712","69,100"
TW20 0,"2,249","52,900"
TW20 8,,"63,200"
TW20 9,"2,111","60,200"
TW3 1,"1,597","56,800"
TW3 2,,"60,600"
TW3 3,"1,439","54,500"
TW3 4,,"58,000"
TW4 5,,"55,000"
TW4 6,,"52,900"
TW4 7,,"51,100"
TW5 0,"1,991","52,400"
TW5 9,,"52,100"
TW7 4,"1,938","60,200"
TW7 5,"1,900","64,000"
TW7 6,"1,707","60,500"
TW7 7,,"57,200"
TW8 0,"2,423","57,000"
TW8 8,"2,107","58,000"
TW8 9,"1,889","57,900"
TW9 1,,"79,900"
TW9 2,,"80,600"
TW9 3,"2,040","84,900"
TW9 4,"2,805","76,100"
UB1 1,,"45,900"
UB1 2,"2,495","50,200"
UB1 3,,"47,000"
UB10 0,"1,712","55,800"
UB10 8,"1,884","67,400"
UB10 9,,"64,200"
UB2 4,"1,866","46,800"
UB2 5,,"45,900"
UB3 1,"1,533","53,300"
UB3 2,"1,770","50,500"
UB3 3,,"49,300"
UB3 4,"1,624","53,500"
UB3 5,,"53,700"
UB4 0,,"52,800"
UB4 8,"1,709","54,700"
UB4 9,,"50,000"
UB5 4,,"54,500"
UB5 5,"1,562","50,000"
UB5 6,"1,299","48,800"
UB6 0,"2,126","60,900"
UB6 7,,"57,900"
UB6 8,"1,810","54,700"
UB6 9,,"52,800"
UB7 0,,"57,500"
UB7 7,"1,737","54,100"
UB7 8,,"53,100"
UB7 9,"1,712","54,800"
UB8 1,"1,575","57,100"
UB8 2,"1,493","50,800"
UB8 3,"1,610","53,700"
UB9 4,,"62,500"
UB9 5,,"56,900"
UB9 6,,"54,300"
W10 4,"2,352","52,600"
W10 5,"2,649","45,200"
W10 6,"3,329","51,900"
W11 1,"3,235","54,600"
W11 2,"4,409","66,600"
W11 3,"3,817","71,300"
W11 4,"3,054","56,900"
W12 0,"2,569","52,500"
W12 7,"3,251","49,300"
W12 8,"2,508","56,500"
W12 9,"2,853","59,600"
W13 0,"2,373","58,600"
W13 8,"2,081","70,900"
W13 9,"1,905","69,600"
W14 0,"2,229","64,000"
W14 8,"3,291","64,600"
W14 9,"2,106","61,300"
W1F 0,,"64,300"
W1F 7,"4,583","64,300"
W1G 8,,"88,500"
W1G 9,,"74,700"
W1H 1,"4,236","68,500"
W1H 2,,"68,500"
W1H 4,,"68,500"
W1H 5,"3,210","68,500"
W1H 7,"4,555","68,500"
W1J 5,"3,901","68,600"
W1J 7,"6,658","68,500"
W1K 1,,"85,300"
W1K 2,"5,944","81,600"
W1K 3,"5,147","68,100"
W1K 6,"7,286","88,500"
W1K 7,"7,301","88,500"
W1T 1,,"61,900"
W1T 3,,"64,300"
W1T 4,,"60,300"
W1T 5,,"60,000"
W1T 6,"4,311","60,700"
W1U 1,,"88,500"
W1U 2,,"88,500"
W1U 4,,"88,600"
W1U 5,"4,164","88,800"
W1U 6,"4,544","86,700"
W1U 8,,"78,800"
W1W 5,"5,064","65,000"
W1W 6,"3,870","67,900"
W2 1,"6,144","59,300"
W2 2,"4,517","66,800"
W2 3,"3,967","73,300"
W2 4,"4,068","68,300"
W2 5,"3,143","61,800"
W2 6,"3,360","67,800"
W3 0,"2,886","58,800"
W3 6,"2,144","53,900"
W3 7,"2,150","59,300"
W3 8,"2,299","55,200"
W3 9,"2,040","60,400"
W4 1,"2,313","77,800"
W4 2,"3,098","71,200"
W4 3,"2,958","71,100"
W4 4,"2,541","58,000"
W4 5,"2,434","58,300"
W5 1,"2,116","74,100"
W5 2,"2,426","70,300"
W5 3,"2,037","66,000"
W5 4,"2,029","69,500"
W5 5,"2,618","68,200"
W6 0,"3,472","66,500"
W6 7,"2,436","63,200"
W6 8,"2,559","61,400"
W6 9,"3,400","65,700"
W7 1,,"56,400"
W7 2,,"64,500"
W7 3,"2,161","60,900"
W8 4,"4,477","91,100"
W8 5,"5,922","83,200"
W8 6,"4,739","77,900"
W8 7,"6,135","88,800"
W9 1,"3,131","76,400"
W9 2,"2,418","70,800"
W9 3,"2,130","52,800"
WA1 1,,"38,400"
WA1 2,,"38,700"
WA1 3,,"41,400"
WA1 4,,"45,700"
WA10 1,698,"30,000"
WA10 2,,"32,200"
WA10 3,,"36,800"
WA10 4,,"38,600"
WA10 5,,"51,000"
WA10 6,,"42,300"
WA11 0,,"35,600"
WA11 7,,"39,000"
WA11 8,,"46,300"
WA11 9,,"35,500"
WA12 0,,"39,900"
WA12 8,,"42,400"
WA12 9,827,"38,400"
WA13 0,,"54,200"
WA13 9,,"54,300"
WA14 1,,"55,000"
WA14 2,"1,984","55,200"
WA14 3,,"55,000"
WA14 4,"1,413","55,200"
WA14 5,"1,364","49,100"
WA15 0,,"58,600"
WA15 6,,"55,000"
WA15 7,,"46,400"
WA15 8,"1,679","60,200"
WA15 9,,"62,800"
WA16 0,"1,600","53,200"
WA16 6,,"50,800"
WA16 7,,"51,100"
WA16 8,,"47,800"
WA16 9,,"52,000"
WA2 0,,"39,700"
WA2 7,850,"37,500"
WA2 8,,"38,300"
WA2 9,,"35,300"
WA3 1,,"42,700"
WA3 2,,"44,400"
WA3 3,,"37,500"
WA3 4,,"50,500"
WA3 5,,"48,500"
WA3 6,,"41,500"
WA3 7,,"47,800"
WA4 1,900,"37,600"
WA4 2,,"50,200"
WA4 3,,"52,700"
WA4 4,,"57,500"
WA4 5,,"62,700"
WA4 6,,"46,500"
WA5 0,,"36,800"
WA5 1,,"41,600"
WA5 2,,"44,300"
WA5 3,,"52,600"
WA5 4,,"42,700"
WA5 7,,"59,700"
WA5 8,,"53,200"
WA5 9,,"54,600"
WA6 0,,"49,100"
WA6 6,,"47,600"
WA6 7,,"46,800"
WA6 8,,"49,800"
WA6 9,,"49,800"
WA7 1,778,"44,400"
WA7 2,,"34,300"
WA7 3,,"48,900"
WA7 4,,"40,600"
WA7 5,,"36,100"
WA7 6,,"38,500"
WA8 0,,"32,400"
WA8 3,,"41,000"
WA8 4,,"41,200"
WA8 5,,"48,800"
WA8 6,,"34,000"
WA8 7,,"34,900"
WA8 8,,"36,000"
WA8 9,,"51,800"
WA9 1,,"30,900"
WA9 2,,"32,800"
WA9 3,,"34,600"
WA9 4,,"36,900"
WA9 5,,"38,600"
WC1E 7,,"59,900"
WC1H 8,,"47,000"
WC1H 9,,"48,500"
WC1N 1,,"51,300"
WC1X 0,"4,102","53,900"
WC1X 8,,"50,100"
WC1X 9,"1,915","55,200"
WC2B 5,"3,154","59,800"
WC2E 7,,"68,500"
WC2E 9,,"68,500"
WC2H 7,,"68,500"
WC2H 8,"4,080","55,400"
WC2H 9,,"57,900"
WC2N 4,,"68,500"
WC2N 6,,"68,500"
WD17 1,"1,767","51,900"
WD17 2,"1,553","50,200"
WD17 4,"1,932","64,000"
WD18 0,"1,538","52,100"
WD18 6,,"48,100"
WD18 7,"1,560","57,400"
WD18 8,,"66,000"
WD19 4,,"58,200"
WD19 5,,"53,300"
WD19 6,,"47,900"
WD19 7,,"52,600"
WD23 1,,"55,400"
WD23 2,"2,441","56,900"
WD23 3,,"56,900"
WD23 4,,"54,900"
WD24 4,,"58,300"
WD24 5,"1,572","53,500"
WD24 6,"1,549","53,100"
WD24 7,,"61,300"
WD25 0,,"54,900"
WD25 7,,"52,100"
WD25 8,,"60,900"
WD25 9,,"50,000"
WD3 1,"1,576","70,900"
WD3 3,,"63,900"
WD3 4,,"68,100"
WD3 5,,"67,600"
WD3 7,,"61,100"
WD3 8,,"56,800"
WD3 9,,"52,400"
WD4 8,"1,388","57,000"
WD4 9,,"57,500"
WD5 0,,"55,300"
WD6 1,"1,592","54,200"
WD6 2,,"55,600"
WD6 3,,"63,400"
WD6 4,,"51,600"
WD6 5,,"49,300"
WD7 7,,"63,700"
WD7 8,"3,370","63,800"
WD7 9,,"56,400"
WF1 1,,"38,100"
WF1 2,,"42,500"
WF1 3,,"43,000"
WF1 4,,"36,500"
WF1 5,,"35,000"
WF10 1,,"34,800"
WF10 2,,"38,600"
WF10 3,,"34,900"
WF10 4,,"38,400"
WF10 5,,"36,700"
WF11 0,,"32,700"
WF11 8,,"32,300"
WF11 9,,"42,100"
WF12 0,,"34,100"
WF12 7,,"35,600"
WF12 8,,"34,300"
WF12 9,,"32,100"
WF13 2,,"32,000"
WF13 3,,"30,800"
WF13 4,,"32,300"
WF14 0,,"41,500"
WF14 8,,"41,500"
WF14 9,,"40,700"
WF15 6,,"33,200"
WF15 7,,"38,900"
WF15 8,,"36,900"
WF16 0,,"33,400"
WF16 9,,"32,500"
WF17 0,,"35,600"
WF17 5,,"29,600"
WF17 6,,"34,500"
WF17 7,,"30,500"
WF17 8,772,"35,700"
WF17 9,,"36,700"
WF2 0,,"44,300"
WF2 6,,"60,100"
WF2 7,,"43,100"
WF2 8,,"36,800"
WF2 9,,"39,600"
WF3 1,,"47,500"
WF3 2,,"41,400"
WF3 3,,"48,100"
WF3 4,,"47,400"
WF4 1,,"43,400"
WF4 2,,"38,400"
WF4 3,,"43,500"
WF4 4,,"44,800"
WF4 5,,"42,100"
WF4 6,,"40,300"
WF5 0,,"39,500"
WF5 8,,"39,400"
WF5 9,,"41,000"
WF6 1,,"39,200"
WF6 2,,"43,400"
WF7 5,,"34,100"
WF7 6,,"39,500"
WF7 7,,"50,000"
WF8 1,,"37,700"
WF8 2,,"39,200"
WF8 3,,"45,900"
WF8 4,,"40,200"
WF9 1,,"41,300"
WF9 2,,"35,800"
WF9 3,,"33,100"
WF9 4,,"33,400"
WF9 5,,"33,700"
WN1 2,,"43,300"
WN1 3,,"34,100"
WN2 1,,"42,500"
WN2 2,,"33,500"
WN2 3,773,"36,600"
WN2 4,,"37,600"
WN2 5,,"36,800"
WN3 4,,"33,700"
WN3 5,,"36,400"
WN3 6,,"46,500"
WN4 0,,"39,400"
WN4 8,,"39,800"
WN4 9,,"39,500"
WN5 0,,"33,100"
WN5 7,,"42,900"
WN5 8,,"40,800"
WN5 9,,"32,800"
WN6 0,,"48,000"
WN6 7,848,"36,900"
WN6 8,,"40,600"
WN6 9,,"47,600"
WN7 1,,"34,600"
WN7 2,,"38,200"
WN7 3,,"39,300"
WN7 4,835,"36,300"
WN7 5,,"34,500"
WN8 0,,"43,600"
WN8 6,,"38,000"
WN8 7,,"49,700"
WN8 8,,"36,000"
WN8 9,,"33,000"
WR1 1,842,"42,400"
WR1 2,938,"44,600"
WR1 3,,"41,900"
WR10 1,,"40,400"
WR10 2,,"48,700"
WR10 3,,"47,900"
WR11 1,,"47,400"
WR11 2,,"46,100"
WR11 3,,"46,700"
WR11 4,,"42,700"
WR11 7,,"46,700"
WR11 8,,"47,100"
WR12 7,,"46,800"
WR13 5,,"49,400"
WR13 6,,"48,300"
WR14 1,,"43,200"
WR14 2,,"40,000"
WR14 3,,"43,300"
WR14 4,"1,272","47,300"
WR15 8,,"42,700"
WR2 4,,"45,200"
WR2 5,659,"38,900"
WR2 6,601,"44,000"
WR3 7,,"49,800"
WR3 8,,"45,600"
WR4 0,,"55,100"
WR4 9,,"36,800"
WR5 1,922,"43,300"
WR5 2,,"48,900"
WR5 3,"1,087","51,700"
WR6 5,,"46,600"
WR6 6,,"47,100"
WR7 4,,"51,400"
WR8 0,,"46,300"
WR8 9,,"49,000"
WR9 0,,"45,100"
WR9 7,,"48,900"
WR9 8,,"45,300"
WR9 9,,"39,300"
WS1 1,,"37,300"
WS1 2,,"42,800"
WS1 3,,"34,800"
WS1 4,,"33,100"
WS10 0,,"35,100"
WS10 7,,"35,200"
WS10 8,,"35,100"
WS10 9,,"37,000"
WS11 0,,"35,000"
WS11 1,,"39,400"
WS11 4,,"34,000"
WS11 5,,"35,300"
WS11 6,,"37,400"
WS11 7,,"51,400"
WS11 9,,"39,900"
WS12 0,,"44,300"
WS12 1,,"39,800"
WS12 2,,"42,700"
WS12 3,,"47,300"
WS12 4,,"40,300"
WS13 6,"1,096","45,000"
WS13 7,,"45,000"
WS13 8,,"50,900"
WS14 0,,"52,100"
WS14 9,"1,171","50,400"
WS15 1,,"40,300"
WS15 2,,"41,200"
WS15 3,,"48,000"
WS15 4,,"45,400"
WS2 0,,"35,100"
WS2 7,,"33,400"
WS2 8,,"34,400"
WS2 9,,"33,600"
WS3 1,,"34,900"
WS3 2,,"34,200"
WS3 3,,"35,400"
WS3 4,,"39,200"
WS4 1,,"38,400"
WS4 2,,"41,500"
WS5 3,,"52,100"
WS5 4,,"39,600"
WS6 6,,"39,000"
WS6 7,,"40,300"
WS7 0,,"39,400"
WS7 1,,"40,300"
WS7 2,,"42,200"
WS7 3,,"39,100"
WS7 4,,"37,100"
WS7 9,,"45,200"
WS8 6,,"35,000"
WS8 7,,"39,000"
WS9 0,,"47,400"
WS9 8,,"40,000"
WS9 9,,"42,600"
WV1 2,,"31,700"
WV1 4,,"34,900"
WV10 0,,"35,600"
WV10 6,,"40,600"
WV10 7,,"42,300"
WV10 8,,"36,200"
WV10 9,,"35,500"
WV11 1,,"37,100"
WV11 2,,"35,500"
WV11 3,,"36,100"
WV12 4,,"36,200"
WV12 5,,"38,300"
WV13 1,,"37,400"
WV13 2,,"37,800"
WV13 3,,"35,900"
WV14 0,,"36,400"
WV14 6,,"34,500"
WV14 8,,"35,400"
WV14 9,,"36,900"
WV15 5,,"42,300"
WV15 6,,"43,200"
WV16 4,,"41,200"
WV16 5,,"41,500"
WV16 6,,"39,600"
WV2 2,,"38,000"
WV2 4,,"39,500"
WV3 0,844,"33,300"
WV3 7,,"44,400"
WV3 8,,"43,200"
WV3 9,,"43,100"
WV4 4,,"42,500"
WV4 5,,"46,300"
WV4 6,,"37,600"
WV5 0,,"41,600"
WV5 7,,"45,700"
WV5 8,,"44,100"
WV5 9,,"41,400"
WV6 0,"1,106","36,600"
WV6 7,,"46,000"
WV6 8,"1,188","45,100"
WV6 9,,"45,600"
WV7 3,,"48,900"
WV8 1,,"40,200"
WV8 2,,"51,300"
WV9 5,,"39,300"
