LSOA11CD,average_price,airbnb_density
E01000001,,20.0
E01000002,,15.0
E01000003,,15.0
E01000005,,108.0
E01000006,,5.0
E01000007,,29.0
E01000008,,4.0
E01000009,,15.0
E01000010,,49.0
E01000011,,9.0
E01000012,,13.0
E01000013,,4.0
E01000014,,4.0
E01000015,,23.0
E01000016,,3.0
E01000017,,4.0
E01000018,,4.0
E01000019,,6.0
E01000020,,1.0
E01000021,,6.0
E01000022,,
E01000023,,16.0
E01000024,,1.0
E01000025,,2.0
E01000027,,2.0
E01000028,,2.0
E01000029,,7.0
E01000030,,2.0
E01000031,,9.0
E01000032,,6.0
E01000033,,2.0
E01000034,,5.0
E01000035,,12.0
E01000036,,3.0
E01000037,,2.0
E01000038,,1.0
E01000039,,1.0
E01000040,,1.0
E01000041,,2.0
E01000042,,5.0
E01000043,,3.0
E01000044,,6.0
E01000045,,7.0
E01000046,,1.0
E01000048,,2.0
E01000049,,6.0
E01000050,,7.0
E01000051,,22.0
E01000052,,6.0
E01000053,,2.0
E01000054,,4.0
E01000055,,
E01000056,,5.0
E01000057,,
E01000058,,4.0
E01000059,,2.0
E01000060,,9.0
E01000061,,9.0
E01000062,,15.0
E01000063,,2.0
E01000064,,4.0
E01000065,,4.0
E01000066,,8.0
E01000067,,3.0
E01000068,,5.0
E01000069,,2.0
E01000070,,3.0
E01000071,,9.0
E01000072,,2.0
E01000073,,7.0
E01000074,,6.0
E01000075,,4.0
E01000076,,6.0
E01000077,,
E01000078,,2.0
E01000079,,7.0
E01000080,,2.0
E01000081,,
E01000082,,1.0
E01000083,,2.0
E01000084,,5.0
E01000085,,3.0
E01000086,,4.0
E01000087,,4.0
E01000088,,7.0
E01000089,,5.0
E01000090,,4.0
E01000091,,6.0
E01000092,,48.0
E01000093,,2.0
E01000094,,16.0
E01000095,,23.0
E01000096,,6.0
E01000097,,5.0
E01000098,,4.0
E01000099,,5.0
E01000100,,1.0
E01000101,,3.0
E01000102,,3.0
E01000103,,7.0
E01000104,,4.0
E01000105,,9.0
E01000106,,12.0
E01000107,,6.0
E01000108,,
E01000109,,4.0
E01000110,,6.0
E01000111,,3.0
E01000112,,8.0
E01000113,,3.0
E01000114,,6.0
E01000115,,4.0
E01000116,,6.0
E01000117,,1.0
E01000118,,2.0
E01000119,,14.0
E01000120,,8.0
E01000121,,5.0
E01000122,,2.0
E01000123,,13.0
E01000124,,3.0
E01000125,,10.0
E01000126,,9.0
E01000127,,4.0
E01000128,,4.0
E01000129,,7.0
E01000130,,7.0
E01000131,,16.0
E01000132,,2.0
E01000133,,6.0
E01000134,,2.0
E01000135,,25.0
E01000136,,11.0
E01000137,,6.0
E01000138,,36.0
E01000139,,20.0
E01000140,,25.0
E01000141,,36.0
E01000142,,16.0
E01000143,,22.0
E01000144,,64.0
E01000145,,40.0
E01000146,,71.0
E01000147,,17.0
E01000148,,24.0
E01000150,,11.0
E01000151,,1.0
E01000152,,16.0
E01000153,,8.0
E01000154,,20.0
E01000155,,66.0
E01000156,,19.0
E01000157,,6.0
E01000158,,5.0
E01000159,,7.0
E01000160,,14.0
E01000161,,15.0
E01000162,,6.0
E01000163,,13.0
E01000164,,12.0
E01000165,,7.0
E01000166,,1.0
E01000167,,5.0
E01000168,,6.0
E01000169,,2.0
E01000170,,2.0
E01000171,,5.0
E01000172,,4.0
E01000173,,3.0
E01000174,,6.0
E01000175,,4.0
E01000176,,9.0
E01000177,,8.0
E01000178,,13.0
E01000179,,9.0
E01000180,,6.0
E01000181,,12.0
E01000182,,12.0
E01000183,,3.0
E01000184,,10.0
E01000185,,32.0
E01000186,,3.0
E01000187,,3.0
E01000188,,4.0
E01000189,,7.0
E01000190,,7.0
E01000191,,10.0
E01000192,,6.0
E01000193,,10.0
E01000194,,16.0
E01000195,,1.0
E01000196,,15.0
E01000197,,7.0
E01000198,,15.0
E01000199,,9.0
E01000200,,8.0
E01000201,,5.0
E01000202,,9.0
E01000203,,16.0
E01000204,,18.0
E01000205,,8.0
E01000206,,7.0
E01000207,,3.0
E01000208,,9.0
E01000209,,3.0
E01000210,,8.0
E01000211,,25.0
E01000212,,15.0
E01000213,,
E01000214,,17.0
E01000215,,8.0
E01000216,,29.0
E01000217,,17.0
E01000218,,23.0
E01000219,,20.0
E01000220,,22.0
E01000221,,9.0
E01000222,,22.0
E01000223,,20.0
E01000224,,11.0
E01000225,,11.0
E01000226,,6.0
E01000227,,9.0
E01000228,,4.0
E01000229,,2.0
E01000230,,3.0
E01000231,,8.0
E01000232,,14.0
E01000233,,6.0
E01000234,,13.0
E01000235,,11.0
E01000236,,6.0
E01000237,,26.0
E01000238,,14.0
E01000239,,23.0
E01000240,,22.0
E01000241,,9.0
E01000242,,23.0
E01000243,,22.0
E01000244,,10.0
E01000245,,12.0
E01000246,,5.0
E01000247,,7.0
E01000248,,4.0
E01000249,,3.0
E01000250,,8.0
E01000251,,9.0
E01000252,,5.0
E01000253,,1.0
E01000254,,6.0
E01000255,,9.0
E01000256,,15.0
E01000257,,21.0
E01000258,,12.0
E01000259,,12.0
E01000260,,17.0
E01000261,,2.0
E01000262,,17.0
E01000263,,3.0
E01000264,,10.0
E01000265,,7.0
E01000266,,4.0
E01000267,,3.0
E01000268,,12.0
E01000269,,6.0
E01000270,,3.0
E01000271,,11.0
E01000272,,2.0
E01000273,,6.0
E01000274,,11.0
E01000275,,3.0
E01000276,,7.0
E01000277,,15.0
E01000278,,1.0
E01000279,,5.0
E01000280,,5.0
E01000281,,9.0
E01000282,,12.0
E01000283,,2.0
E01000284,,8.0
E01000285,,2.0
E01000286,,7.0
E01000287,,3.0
E01000288,,5.0
E01000289,,8.0
E01000290,,4.0
E01000291,,4.0
E01000292,,4.0
E01000293,,8.0
E01000294,,5.0
E01000295,,16.0
E01000296,,21.0
E01000297,,5.0
E01000298,,15.0
E01000299,,23.0
E01000300,,4.0
E01000301,,10.0
E01000302,,10.0
E01000303,,5.0
E01000304,,7.0
E01000305,,15.0
E01000306,,22.0
E01000307,,15.0
E01000308,,13.0
E01000309,,14.0
E01000310,,37.0
E01000311,,7.0
E01000312,,13.0
E01000313,,17.0
E01000314,,35.0
E01000315,,5.0
E01000316,,8.0
E01000317,,6.0
E01000318,,9.0
E01000319,,3.0
E01000320,,2.0
E01000321,,13.0
E01000322,,6.0
E01000323,,25.0
E01000324,,9.0
E01000325,,2.0
E01000326,,2.0
E01000327,,2.0
E01000328,,
E01000329,,11.0
E01000330,,5.0
E01000331,,1.0
E01000332,,3.0
E01000333,,7.0
E01000334,,5.0
E01000335,,20.0
E01000336,,5.0
E01000337,,1.0
E01000338,,4.0
E01000339,,1.0
E01000340,,
E01000341,,2.0
E01000342,,1.0
E01000343,,1.0
E01000344,,1.0
E01000345,,
E01000346,,1.0
E01000347,,2.0
E01000348,,2.0
E01000349,,1.0
E01000350,,
E01000351,,3.0
E01000352,,
E01000353,,3.0
E01000354,,
E01000355,,4.0
E01000356,,3.0
E01000357,,3.0
E01000358,,
E01000359,,5.0
E01000360,,3.0
E01000361,,4.0
E01000362,,7.0
E01000363,,1.0
E01000364,,1.0
E01000365,,1.0
E01000366,,2.0
E01000367,,5.0
E01000368,,2.0
E01000369,,1.0
E01000370,,2.0
E01000371,,1.0
E01000372,,3.0
E01000373,,4.0
E01000374,,1.0
E01000375,,2.0
E01000376,,1.0
E01000377,,1.0
E01000378,,13.0
E01000379,,2.0
E01000380,,3.0
E01000381,,
E01000382,,1.0
E01000383,,2.0
E01000384,,
E01000385,,1.0
E01000386,,3.0
E01000387,,1.0
E01000388,,1.0
E01000389,,4.0
E01000390,,2.0
E01000391,,1.0
E01000392,,2.0
E01000393,,4.0
E01000394,,8.0
E01000395,,3.0
E01000396,,4.0
E01000398,,2.0
E01000399,,3.0
E01000400,,6.0
E01000401,,5.0
E01000402,,
E01000403,,13.0
E01000404,,15.0
E01000405,,7.0
E01000406,,8.0
E01000407,,9.0
E01000408,,5.0
E01000409,,
E01000410,,2.0
E01000411,,
E01000412,,2.0
E01000413,,5.0
E01000414,,3.0
E01000415,,2.0
E01000416,,19.0
E01000417,,10.0
E01000418,,11.0
E01000419,,2.0
E01000420,,2.0
E01000421,,1.0
E01000422,,5.0
E01000423,,4.0
E01000424,,2.0
E01000425,,1.0
E01000426,,2.0
E01000427,,
E01000428,,1.0
E01000429,,6.0
E01000430,,10.0
E01000431,,9.0
E01000432,,20.0
E01000433,,8.0
E01000434,,5.0
E01000435,,2.0
E01000436,,1.0
E01000437,,1.0
E01000438,,4.0
E01000439,,2.0
E01000440,,
E01000441,,2.0
E01000442,,2.0
E01000443,,3.0
E01000444,,1.0
E01000445,,3.0
E01000446,,3.0
E01000447,,6.0
E01000448,,1.0
E01000449,,4.0
E01000450,,5.0
E01000451,,1.0
E01000452,,
E01000453,,2.0
E01000454,,2.0
E01000455,,4.0
E01000456,,7.0
E01000457,,6.0
E01000458,,2.0
E01000459,,2.0
E01000460,,8.0
E01000461,,
E01000462,,4.0
E01000463,,3.0
E01000464,,6.0
E01000465,,4.0
E01000466,,13.0
E01000467,,10.0
E01000468,,26.0
E01000469,,7.0
E01000470,,13.0
E01000471,,3.0
E01000472,,23.0
E01000473,,3.0
E01000474,,
E01000475,,1.0
E01000476,,1.0
E01000477,,17.0
E01000478,,7.0
E01000479,,26.0
E01000480,,10.0
E01000481,,18.0
E01000482,,26.0
E01000483,,9.0
E01000484,,4.0
E01000485,,4.0
E01000486,,15.0
E01000487,,19.0
E01000488,,19.0
E01000489,,25.0
E01000490,,31.0
E01000491,,42.0
E01000492,,26.0
E01000493,,34.0
E01000494,,50.0
E01000495,,45.0
E01000497,,32.0
E01000498,,
E01000499,,19.0
E01000501,,13.0
E01000502,,18.0
E01000503,,29.0
E01000504,,23.0
E01000505,,16.0
E01000506,,29.0
E01000507,,16.0
E01000508,,7.0
E01000509,,2.0
E01000510,,13.0
E01000511,,17.0
E01000512,,21.0
E01000513,,9.0
E01000514,,6.0
E01000515,,9.0
E01000516,,14.0
E01000517,,
E01000518,,3.0
E01000519,,8.0
E01000520,,5.0
E01000521,,10.0
E01000522,,11.0
E01000523,,17.0
E01000524,,32.0
E01000525,,16.0
E01000526,,10.0
E01000527,,16.0
E01000528,,17.0
E01000530,,35.0
E01000531,,38.0
E01000532,,17.0
E01000533,,23.0
E01000534,,30.0
E01000535,,51.0
E01000536,,
E01000538,,2.0
E01000539,,2.0
E01000540,,1.0
E01000541,,1.0
E01000543,,6.0
E01000544,,43.0
E01000545,,59.0
E01000546,,44.0
E01000547,,44.0
E01000548,,26.0
E01000549,,43.0
E01000550,,37.0
E01000551,,35.0
E01000552,,21.0
E01000553,,24.0
E01000554,,23.0
E01000555,,24.0
E01000556,,28.0
E01000557,,27.0
E01000558,,22.0
E01000559,,33.0
E01000560,,23.0
E01000561,,33.0
E01000562,,3.0
E01000563,,5.0
E01000564,,3.0
E01000565,,10.0
E01000566,,3.0
E01000567,,3.0
E01000568,,14.0
E01000569,,5.0
E01000570,,1.0
E01000571,,5.0
E01000572,,4.0
E01000573,,3.0
E01000574,,1.0
E01000575,,7.0
E01000576,,8.0
E01000577,,1.0
E01000578,,27.0
E01000579,,54.0
E01000580,,52.0
E01000581,,33.0
E01000582,,24.0
E01000583,,63.0
E01000584,,31.0
E01000585,,46.0
E01000586,,77.0
E01000587,,1.0
E01000588,,24.0
E01000589,,3.0
E01000590,,2.0
E01000591,,3.0
E01000592,,3.0
E01000593,,4.0
E01000594,,3.0
E01000595,,7.0
E01000596,,4.0
E01000599,,11.0
E01000600,,35.0
E01000601,,2.0
E01000602,,3.0
E01000603,,2.0
E01000604,,2.0
E01000605,,4.0
E01000606,,4.0
E01000607,,5.0
E01000608,,10.0
E01000609,,7.0
E01000610,,5.0
E01000611,,5.0
E01000612,,7.0
E01000613,,3.0
E01000615,,62.0
E01000616,,18.0
E01000617,,35.0
E01000618,,8.0
E01000619,,10.0
E01000620,,16.0
E01000621,,2.0
E01000622,,6.0
E01000623,,3.0
E01000624,,6.0
E01000625,,13.0
E01000626,,5.0
E01000627,,5.0
E01000628,,15.0
E01000629,,5.0
E01000630,,29.0
E01000631,,6.0
E01000632,,6.0
E01000633,,7.0
E01000634,,5.0
E01000635,,7.0
E01000636,,28.0
E01000637,,13.0
E01000638,,9.0
E01000639,,21.0
E01000640,,11.0
E01000641,,25.0
E01000642,,44.0
E01000643,,18.0
E01000644,,43.0
E01000645,,3.0
E01000646,,3.0
E01000647,,3.0
E01000648,,5.0
E01000649,,3.0
E01000650,,4.0
E01000651,,2.0
E01000652,,3.0
E01000653,,6.0
E01000654,,
E01000655,,
E01000656,,2.0
E01000657,,1.0
E01000658,,1.0
E01000659,,3.0
E01000661,,5.0
E01000662,,4.0
E01000663,,1.0
E01000664,,1.0
E01000665,,1.0
E01000666,,6.0
E01000667,,1.0
E01000668,,3.0
E01000669,,
E01000670,,6.0
E01000671,,6.0
E01000672,,10.0
E01000673,,5.0
E01000674,,9.0
E01000675,,16.0
E01000676,,12.0
E01000677,,6.0
E01000678,,4.0
E01000679,,6.0
E01000680,,7.0
E01000681,,3.0
E01000682,,
E01000683,,1.0
E01000684,,3.0
E01000685,,8.0
E01000686,,1.0
E01000687,,2.0
E01000688,,5.0
E01000689,,
E01000690,,
E01000691,,2.0
E01000692,,1.0
E01000693,,6.0
E01000694,,3.0
E01000695,,4.0
E01000696,,3.0
E01000697,,2.0
E01000698,,4.0
E01000699,,6.0
E01000700,,6.0
E01000701,,5.0
E01000702,,4.0
E01000703,,10.0
E01000704,,4.0
E01000705,,9.0
E01000706,,1.0
E01000707,,5.0
E01000708,,1.0
E01000709,,8.0
E01000710,,10.0
E01000711,,6.0
E01000712,,6.0
E01000713,,3.0
E01000714,,18.0
E01000715,,6.0
E01000716,,1.0
E01000717,,3.0
E01000718,,6.0
E01000719,,8.0
E01000720,,1.0
E01000721,,6.0
E01000722,,2.0
E01000723,,1.0
E01000724,,2.0
E01000725,,3.0
E01000726,,1.0
E01000727,,4.0
E01000728,,2.0
E01000729,,
E01000730,,4.0
E01000731,,1.0
E01000732,,
E01000733,,1.0
E01000734,,2.0
E01000735,,
E01000736,,11.0
E01000737,,5.0
E01000738,,4.0
E01000739,,
E01000740,,36.0
E01000741,,14.0
E01000742,,19.0
E01000743,,15.0
E01000744,,10.0
E01000745,,17.0
E01000746,,23.0
E01000747,,6.0
E01000748,,5.0
E01000749,,1.0
E01000750,,
E01000751,,3.0
E01000752,,2.0
E01000753,,1.0
E01000754,,4.0
E01000755,,
E01000756,,2.0
E01000757,,1.0
E01000758,,3.0
E01000759,,1.0
E01000760,,1.0
E01000761,,
E01000762,,5.0
E01000763,,4.0
E01000764,,6.0
E01000765,,2.0
E01000766,,1.0
E01000767,,
E01000768,,
E01000769,,1.0
E01000770,,2.0
E01000771,,5.0
E01000772,,2.0
E01000773,,4.0
E01000774,,1.0
E01000775,,3.0
E01000777,,1.0
E01000778,,3.0
E01000779,,3.0
E01000780,,7.0
E01000781,,8.0
E01000782,,2.0
E01000783,,3.0
E01000784,,
E01000785,,6.0
E01000786,,
E01000787,,3.0
E01000788,,6.0
E01000789,,2.0
E01000790,,48.0
E01000791,,2.0
E01000792,,3.0
E01000793,,1.0
E01000794,,1.0
E01000795,,1.0
E01000796,,
E01000797,,9.0
E01000798,,6.0
E01000799,,11.0
E01000800,,14.0
E01000801,,8.0
E01000802,,15.0
E01000803,,14.0
E01000804,,4.0
E01000805,,11.0
E01000806,,12.0
E01000807,,3.0
E01000808,,
E01000809,,1.0
E01000810,,2.0
E01000811,,1.0
E01000812,,1.0
E01000813,,2.0
E01000814,,1.0
E01000815,,2.0
E01000816,,6.0
E01000818,,5.0
E01000819,,8.0
E01000820,,12.0
E01000822,,3.0
E01000823,,15.0
E01000824,,2.0
E01000825,,4.0
E01000826,,1.0
E01000827,,9.0
E01000828,,
E01000829,,4.0
E01000830,,4.0
E01000831,,3.0
E01000832,,
E01000833,,2.0
E01000834,,
E01000835,,4.0
E01000836,,1.0
E01000837,,3.0
E01000838,,1.0
E01000839,,1.0
E01000840,,
E01000841,,
E01000842,,27.0
E01000843,,26.0
E01000844,,39.0
E01000845,,33.0
E01000846,,23.0
E01000847,,17.0
E01000848,,26.0
E01000849,,38.0
E01000850,,132.0
E01000851,,226.0
E01000852,,35.0
E01000853,,81.0
E01000854,,95.0
E01000855,,85.0
E01000856,,69.0
E01000857,,23.0
E01000858,,85.0
E01000859,,22.0
E01000860,,34.0
E01000861,,93.0
E01000862,,60.0
E01000863,,119.0
E01000864,,42.0
E01000865,,32.0
E01000866,,49.0
E01000867,,87.0
E01000868,,37.0
E01000869,,47.0
E01000870,,34.0
E01000871,,18.0
E01000872,,26.0
E01000873,,14.0
E01000874,,13.0
E01000875,,40.0
E01000876,,21.0
E01000877,,24.0
E01000878,,28.0
E01000879,,27.0
E01000880,,32.0
E01000881,,31.0
E01000882,,35.0
E01000883,,48.0
E01000884,,14.0
E01000885,,8.0
E01000886,,18.0
E01000887,,29.0
E01000888,,19.0
E01000889,,14.0
E01000890,,13.0
E01000891,,24.0
E01000892,,23.0
E01000893,,31.0
E01000894,,18.0
E01000895,,36.0
E01000896,,23.0
E01000897,,24.0
E01000898,,29.0
E01000899,,19.0
E01000900,,42.0
E01000901,,35.0
E01000902,,29.0
E01000903,,26.0
E01000904,,54.0
E01000905,,34.0
E01000906,,38.0
E01000907,,10.0
E01000908,,15.0
E01000909,,12.0
E01000910,,21.0
E01000911,,24.0
E01000912,,29.0
E01000913,,19.0
E01000914,,164.0
E01000915,,27.0
E01000916,,156.0
E01000917,,44.0
E01000918,,166.0
E01000919,,198.0
E01000920,,117.0
E01000921,,44.0
E01000922,,44.0
E01000923,,16.0
E01000924,,23.0
E01000925,,20.0
E01000926,,43.0
E01000927,,38.0
E01000928,,31.0
E01000929,,48.0
E01000930,,38.0
E01000931,,44.0
E01000932,,37.0
E01000933,,39.0
E01000934,,42.0
E01000935,,26.0
E01000936,,41.0
E01000937,,37.0
E01000938,,120.0
E01000939,,161.0
E01000940,,51.0
E01000941,,77.0
E01000942,,41.0
E01000943,,63.0
E01000944,,27.0
E01000945,,162.0
E01000946,,70.0
E01000947,,147.0
E01000948,,44.0
E01000949,,22.0
E01000950,,18.0
E01000951,,30.0
E01000952,,48.0
E01000953,,101.0
E01000954,,30.0
E01000955,,48.0
E01000956,,79.0
E01000957,,69.0
E01000958,,90.0
E01000959,,56.0
E01000960,,32.0
E01000961,,34.0
E01000962,,39.0
E01000963,,46.0
E01000964,,25.0
E01000965,,28.0
E01000966,,48.0
E01000967,,27.0
E01000968,,33.0
E01000969,,44.0
E01000970,,24.0
E01000971,,15.0
E01000972,,56.0
E01000973,,54.0
E01000974,,29.0
E01000975,,36.0
E01000976,,12.0
E01000977,,11.0
E01000978,,5.0
E01000979,,11.0
E01000980,,3.0
E01000981,,5.0
E01000982,,10.0
E01000983,,7.0
E01000984,,38.0
E01000985,,2.0
E01000986,,3.0
E01000987,,5.0
E01000989,,5.0
E01000990,,2.0
E01000991,,9.0
E01000992,,4.0
E01000993,,7.0
E01000994,,3.0
E01000995,,2.0
E01000996,,2.0
E01000997,,6.0
E01000998,,10.0
E01000999,,4.0
E01001000,,5.0
E01001001,,8.0
E01001002,,7.0
E01001003,,8.0
E01001004,,11.0
E01001005,,4.0
E01001006,,12.0
E01001007,,9.0
E01001008,,3.0
E01001009,,7.0
E01001010,,1.0
E01001011,,14.0
E01001012,,7.0
E01001013,,14.0
E01001014,,26.0
E01001015,,2.0
E01001016,,3.0
E01001017,,4.0
E01001018,,1.0
E01001019,,5.0
E01001020,,1.0
E01001021,,4.0
E01001022,,1.0
E01001023,,4.0
E01001024,,
E01001025,,1.0
E01001026,,3.0
E01001027,,4.0
E01001028,,4.0
E01001029,,13.0
E01001030,,1.0
E01001031,,2.0
E01001032,,1.0
E01001033,,22.0
E01001034,,9.0
E01001035,,6.0
E01001036,,10.0
E01001037,,2.0
E01001038,,8.0
E01001039,,5.0
E01001040,,3.0
E01001041,,5.0
E01001042,,32.0
E01001043,,79.0
E01001044,,10.0
E01001045,,60.0
E01001046,,8.0
E01001047,,20.0
E01001048,,53.0
E01001049,,6.0
E01001050,,10.0
E01001051,,2.0
E01001052,,
E01001053,,3.0
E01001054,,1.0
E01001055,,2.0
E01001056,,
E01001057,,
E01001058,,2.0
E01001059,,
E01001060,,3.0
E01001061,,1.0
E01001062,,2.0
E01001063,,1.0
E01001064,,4.0
E01001065,,1.0
E01001066,,
E01001067,,2.0
E01001068,,5.0
E01001069,,1.0
E01001070,,
E01001071,,1.0
E01001072,,2.0
E01001073,,3.0
E01001074,,4.0
E01001075,,2.0
E01001076,,2.0
E01001077,,2.0
E01001078,,3.0
E01001079,,
E01001080,,1.0
E01001081,,
E01001082,,2.0
E01001083,,2.0
E01001084,,9.0
E01001085,,7.0
E01001086,,8.0
E01001087,,18.0
E01001088,,6.0
E01001089,,11.0
E01001090,,16.0
E01001091,,4.0
E01001092,,10.0
E01001093,,5.0
E01001094,,6.0
E01001095,,10.0
E01001096,,1.0
E01001097,,14.0
E01001098,,11.0
E01001099,,3.0
E01001100,,4.0
E01001101,,
E01001102,,1.0
E01001103,,1.0
E01001104,,2.0
E01001105,,
E01001106,,3.0
E01001107,,1.0
E01001108,,4.0
E01001109,,19.0
E01001110,,16.0
E01001111,,12.0
E01001112,,11.0
E01001113,,9.0
E01001114,,8.0
E01001115,,10.0
E01001116,,2.0
E01001117,,6.0
E01001118,,8.0
E01001119,,
E01001120,,3.0
E01001121,,1.0
E01001122,,9.0
E01001123,,8.0
E01001124,,2.0
E01001125,,2.0
E01001126,,
E01001127,,
E01001128,,
E01001129,,3.0
E01001130,,2.0
E01001131,,3.0
E01001132,,
E01001133,,3.0
E01001134,,1.0
E01001135,,3.0
E01001136,,16.0
E01001137,,19.0
E01001138,,14.0
E01001139,,9.0
E01001140,,8.0
E01001141,,9.0
E01001142,,9.0
E01001143,,6.0
E01001144,,11.0
E01001145,,8.0
E01001146,,5.0
E01001147,,12.0
E01001148,,9.0
E01001149,,6.0
E01001150,,11.0
E01001151,,16.0
E01001152,,17.0
E01001153,,8.0
E01001154,,9.0
E01001155,,13.0
E01001156,,11.0
E01001157,,9.0
E01001158,,5.0
E01001159,,13.0
E01001160,,11.0
E01001161,,4.0
E01001162,,9.0
E01001163,,11.0
E01001164,,32.0
E01001165,,10.0
E01001166,,5.0
E01001167,,7.0
E01001168,,12.0
E01001169,,3.0
E01001170,,11.0
E01001171,,3.0
E01001172,,12.0
E01001173,,19.0
E01001174,,4.0
E01001175,,10.0
E01001176,,2.0
E01001177,,2.0
E01001178,,5.0
E01001179,,4.0
E01001180,,7.0
E01001181,,3.0
E01001182,,4.0
E01001183,,5.0
E01001184,,7.0
E01001185,,5.0
E01001186,,9.0
E01001187,,7.0
E01001188,,13.0
E01001189,,5.0
E01001190,,10.0
E01001191,,14.0
E01001192,,18.0
E01001193,,7.0
E01001194,,13.0
E01001195,,23.0
E01001196,,34.0
E01001197,,42.0
E01001198,,20.0
E01001199,,27.0
E01001200,,22.0
E01001201,,16.0
E01001202,,17.0
E01001203,,68.0
E01001204,,7.0
E01001205,,14.0
E01001206,,4.0
E01001207,,15.0
E01001208,,14.0
E01001209,,10.0
E01001210,,6.0
E01001211,,9.0
E01001212,,8.0
E01001213,,
E01001214,,1.0
E01001215,,6.0
E01001216,,1.0
E01001217,,2.0
E01001218,,5.0
E01001219,,1.0
E01001220,,3.0
E01001221,,53.0
E01001222,,29.0
E01001223,,11.0
E01001224,,8.0
E01001225,,22.0
E01001226,,11.0
E01001227,,9.0
E01001228,,31.0
E01001229,,14.0
E01001230,,11.0
E01001231,,16.0
E01001232,,7.0
E01001233,,17.0
E01001234,,36.0
E01001235,,29.0
E01001236,,17.0
E01001237,,15.0
E01001238,,159.0
E01001239,,26.0
E01001240,,16.0
E01001241,,26.0
E01001242,,26.0
E01001243,,25.0
E01001244,,32.0
E01001245,,42.0
E01001246,,13.0
E01001247,,30.0
E01001248,,15.0
E01001249,,20.0
E01001250,,12.0
E01001251,,10.0
E01001252,,14.0
E01001253,,13.0
E01001254,,23.0
E01001255,,12.0
E01001257,,3.0
E01001258,,5.0
E01001259,,10.0
E01001260,,4.0
E01001261,,2.0
E01001262,,3.0
E01001263,,1.0
E01001264,,3.0
E01001265,,2.0
E01001266,,12.0
E01001267,,4.0
E01001268,,2.0
E01001269,,8.0
E01001270,,6.0
E01001271,,2.0
E01001272,,16.0
E01001273,,9.0
E01001274,,6.0
E01001275,,13.0
E01001276,,20.0
E01001277,,30.0
E01001278,,13.0
E01001279,,2.0
E01001280,,11.0
E01001281,,10.0
E01001282,,12.0
E01001283,,15.0
E01001284,,4.0
E01001285,,10.0
E01001286,,7.0
E01001287,,2.0
E01001288,,13.0
E01001289,,7.0
E01001290,,12.0
E01001291,,9.0
E01001292,,4.0
E01001293,,2.0
E01001294,,1.0
E01001295,,5.0
E01001296,,2.0
E01001297,,2.0
E01001298,,
E01001299,,2.0
E01001300,,10.0
E01001301,,18.0
E01001302,,20.0
E01001303,,20.0
E01001304,,17.0
E01001305,,4.0
E01001306,,8.0
E01001307,,2.0
E01001308,,2.0
E01001309,,1.0
E01001310,,3.0
E01001311,,5.0
E01001312,,6.0
E01001313,,1.0
E01001314,,1.0
E01001315,,2.0
E01001316,,2.0
E01001317,,1.0
E01001318,,4.0
E01001319,,3.0
E01001320,,
E01001321,,7.0
E01001322,,3.0
E01001323,,4.0
E01001324,,8.0
E01001325,,1.0
E01001326,,3.0
E01001327,,6.0
E01001328,,1.0
E01001329,,6.0
E01001330,,2.0
E01001331,,3.0
E01001332,,5.0
E01001333,,4.0
E01001334,,2.0
E01001335,,2.0
E01001336,,2.0
E01001337,,18.0
E01001338,,12.0
E01001339,,7.0
E01001340,,3.0
E01001341,,5.0
E01001342,,7.0
E01001343,,5.0
E01001344,,10.0
E01001345,,6.0
E01001346,,5.0
E01001347,,9.0
E01001348,,11.0
E01001349,,9.0
E01001350,,19.0
E01001351,,43.0
E01001352,,25.0
E01001353,,18.0
E01001354,,25.0
E01001355,,45.0
E01001356,,5.0
E01001357,,17.0
E01001358,,25.0
E01001359,,
E01001360,,1.0
E01001361,,7.0
E01001362,,3.0
E01001363,,4.0
E01001364,,2.0
E01001365,,5.0
E01001366,,1.0
E01001367,,3.0
E01001368,,1.0
E01001369,,6.0
E01001370,,
E01001371,,1.0
E01001372,,5.0
E01001373,,2.0
E01001374,,17.0
E01001375,,11.0
E01001376,,16.0
E01001377,,9.0
E01001379,,15.0
E01001380,,16.0
E01001381,,46.0
E01001382,,5.0
E01001383,,6.0
E01001384,,21.0
E01001385,,5.0
E01001386,,26.0
E01001387,,15.0
E01001388,,16.0
E01001389,,22.0
E01001390,,16.0
E01001391,,19.0
E01001392,,12.0
E01001393,,25.0
E01001394,,9.0
E01001395,,7.0
E01001396,,7.0
E01001397,,15.0
E01001398,,2.0
E01001399,,3.0
E01001400,,2.0
E01001401,,1.0
E01001402,,1.0
E01001403,,1.0
E01001404,,2.0
E01001405,,2.0
E01001406,,5.0
E01001407,,5.0
E01001408,,2.0
E01001409,,5.0
E01001410,,2.0
E01001411,,4.0
E01001412,,2.0
E01001413,,
E01001414,,1.0
E01001415,,12.0
E01001416,,2.0
E01001417,,4.0
E01001418,,1.0
E01001419,,7.0
E01001420,,2.0
E01001421,,4.0
E01001422,,4.0
E01001423,,11.0
E01001424,,2.0
E01001425,,3.0
E01001426,,9.0
E01001427,,4.0
E01001428,,1.0
E01001429,,8.0
E01001430,,2.0
E01001431,,5.0
E01001432,,3.0
E01001433,,6.0
E01001434,,6.0
E01001435,,1.0
E01001436,,5.0
E01001437,,10.0
E01001438,,8.0
E01001439,,3.0
E01001440,,2.0
E01001441,,3.0
E01001442,,1.0
E01001444,,1.0
E01001445,,8.0
E01001446,,3.0
E01001447,,4.0
E01001448,,2.0
E01001449,,3.0
E01001450,,33.0
E01001451,,11.0
E01001452,,5.0
E01001453,,
E01001454,,2.0
E01001455,,2.0
E01001456,,2.0
E01001457,,2.0
E01001458,,4.0
E01001459,,1.0
E01001460,,5.0
E01001461,,1.0
E01001462,,2.0
E01001463,,7.0
E01001464,,2.0
E01001465,,14.0
E01001466,,7.0
E01001467,,4.0
E01001468,,2.0
E01001469,,4.0
E01001470,,4.0
E01001471,,7.0
E01001472,,6.0
E01001473,,4.0
E01001474,,2.0
E01001475,,1.0
E01001476,,2.0
E01001477,,2.0
E01001478,,5.0
E01001479,,2.0
E01001480,,3.0
E01001481,,7.0
E01001482,,6.0
E01001483,,1.0
E01001484,,3.0
E01001485,,1.0
E01001486,,3.0
E01001487,,
E01001488,,5.0
E01001489,,6.0
E01001491,,8.0
E01001492,,1.0
E01001493,,6.0
E01001494,,4.0
E01001495,,5.0
E01001496,,2.0
E01001497,,4.0
E01001498,,19.0
E01001499,,6.0
E01001500,,10.0
E01001501,,13.0
E01001502,,10.0
E01001503,,2.0
E01001504,,2.0
E01001505,,1.0
E01001506,,1.0
E01001507,,13.0
E01001508,,6.0
E01001509,,12.0
E01001510,,7.0
E01001511,,11.0
E01001512,,6.0
E01001513,,1.0
E01001514,,10.0
E01001515,,9.0
E01001516,,7.0
E01001517,,2.0
E01001518,,4.0
E01001519,,21.0
E01001520,,10.0
E01001521,,7.0
E01001522,,4.0
E01001523,,2.0
E01001524,,2.0
E01001525,,15.0
E01001526,,3.0
E01001527,,13.0
E01001528,,6.0
E01001529,,4.0
E01001530,,5.0
E01001531,,3.0
E01001532,,5.0
E01001533,,5.0
E01001534,,10.0
E01001535,,4.0
E01001536,,12.0
E01001537,,3.0
E01001538,,2.0
E01001539,,3.0
E01001540,,4.0
E01001541,,4.0
E01001542,,1.0
E01001543,,1.0
E01001544,,5.0
E01001545,,1.0
E01001546,,2.0
E01001547,,2.0
E01001548,,2.0
E01001549,,2.0
E01001550,,
E01001551,,1.0
E01001552,,7.0
E01001553,,2.0
E01001554,,2.0
E01001555,,9.0
E01001556,,6.0
E01001557,,1.0
E01001558,,6.0
E01001559,,2.0
E01001560,,2.0
E01001562,,2.0
E01001563,,4.0
E01001564,,4.0
E01001565,,10.0
E01001566,,4.0
E01001567,,2.0
E01001568,,3.0
E01001569,,5.0
E01001570,,5.0
E01001571,,6.0
E01001572,,17.0
E01001573,,9.0
E01001574,,6.0
E01001575,,12.0
E01001576,,5.0
E01001577,,8.0
E01001578,,38.0
E01001579,,6.0
E01001580,,16.0
E01001581,,20.0
E01001582,,8.0
E01001583,,15.0
E01001584,,9.0
E01001585,,22.0
E01001586,,18.0
E01001587,,14.0
E01001588,,5.0
E01001589,,11.0
E01001590,,21.0
E01001591,,9.0
E01001592,,11.0
E01001593,,22.0
E01001594,,5.0
E01001595,,1.0
E01001596,,1.0
E01001597,,6.0
E01001598,,1.0
E01001599,,2.0
E01001600,,4.0
E01001601,,5.0
E01001602,,9.0
E01001603,,2.0
E01001604,,3.0
E01001605,,1.0
E01001606,,4.0
E01001607,,5.0
E01001608,,2.0
E01001609,,9.0
E01001610,,5.0
E01001611,,5.0
E01001613,,4.0
E01001614,,6.0
E01001615,,16.0
E01001617,,7.0
E01001618,,5.0
E01001619,,5.0
E01001620,,7.0
E01001621,,7.0
E01001623,,11.0
E01001624,,7.0
E01001625,,13.0
E01001629,,14.0
E01001631,,6.0
E01001632,,10.0
E01001633,,17.0
E01001634,,9.0
E01001635,,9.0
E01001636,,7.0
E01001637,,11.0
E01001638,,11.0
E01001640,,39.0
E01001641,,38.0
E01001642,,17.0
E01001644,,58.0
E01001645,,14.0
E01001646,,10.0
E01001647,,8.0
E01001648,,6.0
E01001649,,4.0
E01001650,,7.0
E01001651,,6.0
E01001652,,10.0
E01001653,,9.0
E01001654,,2.0
E01001655,,8.0
E01001656,,6.0
E01001657,,11.0
E01001658,,9.0
E01001659,,5.0
E01001660,,1.0
E01001661,,6.0
E01001662,,68.0
E01001664,,26.0
E01001665,,32.0
E01001666,,16.0
E01001667,,89.0
E01001668,,47.0
E01001669,,20.0
E01001671,,7.0
E01001672,,9.0
E01001673,,4.0
E01001674,,9.0
E01001675,,17.0
E01001676,,12.0
E01001677,,7.0
E01001678,,3.0
E01001679,,3.0
E01001680,,3.0
E01001681,,7.0
E01001682,,14.0
E01001683,,3.0
E01001684,,8.0
E01001685,,6.0
E01001686,,10.0
E01001687,,6.0
E01001688,,13.0
E01001690,,4.0
E01001692,,4.0
E01001693,,2.0
E01001694,,12.0
E01001695,,6.0
E01001696,,36.0
E01001697,,27.0
E01001698,,9.0
E01001699,,23.0
E01001700,,16.0
E01001701,,14.0
E01001702,,4.0
E01001703,,5.0
E01001704,,8.0
E01001705,,24.0
E01001706,,5.0
E01001708,,11.0
E01001709,,3.0
E01001710,,7.0
E01001711,,8.0
E01001712,,28.0
E01001713,,2.0
E01001714,,29.0
E01001715,,34.0
E01001716,,30.0
E01001717,,29.0
E01001718,,53.0
E01001719,,19.0
E01001720,,27.0
E01001722,,24.0
E01001723,,27.0
E01001724,,46.0
E01001725,,13.0
E01001726,,7.0
E01001727,,10.0
E01001728,,9.0
E01001729,,36.0
E01001730,,41.0
E01001731,,79.0
E01001732,,32.0
E01001733,,73.0
E01001734,,58.0
E01001735,,30.0
E01001736,,29.0
E01001737,,26.0
E01001738,,31.0
E01001739,,40.0
E01001740,,18.0
E01001741,,45.0
E01001742,,39.0
E01001744,,58.0
E01001745,,58.0
E01001746,,12.0
E01001747,,80.0
E01001748,,113.0
E01001749,,58.0
E01001750,,96.0
E01001751,,41.0
E01001752,,70.0
E01001753,,26.0
E01001754,,120.0
E01001755,,45.0
E01001756,,67.0
E01001757,,16.0
E01001758,,60.0
E01001759,,41.0
E01001760,,66.0
E01001761,,70.0
E01001762,,84.0
E01001763,,63.0
E01001764,,25.0
E01001765,,18.0
E01001767,,39.0
E01001768,,41.0
E01001769,,30.0
E01001770,,54.0
E01001772,,30.0
E01001773,,87.0
E01001774,,75.0
E01001775,,44.0
E01001776,,46.0
E01001777,,98.0
E01001779,,102.0
E01001780,,98.0
E01001781,,74.0
E01001782,,77.0
E01001783,,39.0
E01001784,,60.0
E01001785,,31.0
E01001786,,23.0
E01001787,,27.0
E01001788,,19.0
E01001789,,44.0
E01001790,,10.0
E01001791,,38.0
E01001792,,51.0
E01001793,,48.0
E01001794,,58.0
E01001795,,46.0
E01001796,,59.0
E01001798,,30.0
E01001799,,11.0
E01001800,,10.0
E01001801,,13.0
E01001802,,5.0
E01001803,,14.0
E01001804,,8.0
E01001805,,25.0
E01001806,,47.0
E01001807,,14.0
E01001808,,8.0
E01001809,,14.0
E01001811,,7.0
E01001812,,14.0
E01001813,,16.0
E01001814,,13.0
E01001815,,29.0
E01001816,,35.0
E01001819,,42.0
E01001820,,31.0
E01001821,,37.0
E01001822,,20.0
E01001823,,7.0
E01001824,,8.0
E01001825,,8.0
E01001826,,17.0
E01001827,,28.0
E01001828,,17.0
E01001829,,38.0
E01001830,,43.0
E01001831,,52.0
E01001832,,34.0
E01001833,,43.0
E01001834,,51.0
E01001835,,41.0
E01001836,,39.0
E01001837,,43.0
E01001838,,31.0
E01001839,,94.0
E01001840,,49.0
E01001841,,15.0
E01001842,,52.0
E01001843,,18.0
E01001844,,36.0
E01001845,,15.0
E01001846,,37.0
E01001847,,33.0
E01001848,,24.0
E01001849,,83.0
E01001850,,18.0
E01001851,,40.0
E01001852,,71.0
E01001853,,34.0
E01001854,,41.0
E01001855,,64.0
E01001856,,29.0
E01001857,,47.0
E01001858,,24.0
E01001859,,24.0
E01001860,,25.0
E01001861,,21.0
E01001862,,31.0
E01001863,,30.0
E01001864,,27.0
E01001865,,32.0
E01001866,,51.0
E01001867,,13.0
E01001868,,23.0
E01001869,,17.0
E01001870,,55.0
E01001871,,28.0
E01001872,,32.0
E01001873,,23.0
E01001874,,75.0
E01001875,,26.0
E01001876,,18.0
E01001877,,67.0
E01001878,,13.0
E01001879,,35.0
E01001880,,33.0
E01001881,,67.0
E01001882,,66.0
E01001883,,62.0
E01001884,,60.0
E01001885,,13.0
E01001886,,15.0
E01001887,,28.0
E01001888,,26.0
E01001889,,25.0
E01001890,,32.0
E01001891,,33.0
E01001892,,33.0
E01001893,,22.0
E01001894,,26.0
E01001895,,27.0
E01001896,,27.0
E01001897,,35.0
E01001898,,87.0
E01001899,,30.0
E01001900,,24.0
E01001901,,39.0
E01001902,,20.0
E01001903,,59.0
E01001904,,42.0
E01001905,,45.0
E01001906,,25.0
E01001907,,39.0
E01001908,,83.0
E01001909,,59.0
E01001910,,60.0
E01001911,,37.0
E01001912,,24.0
E01001913,,44.0
E01001914,,101.0
E01001915,,38.0
E01001916,,18.0
E01001917,,27.0
E01001918,,23.0
E01001919,,20.0
E01001920,,35.0
E01001921,,35.0
E01001922,,38.0
E01001923,,31.0
E01001924,,22.0
E01001925,,21.0
E01001926,,33.0
E01001927,,12.0
E01001928,,24.0
E01001929,,21.0
E01001930,,29.0
E01001931,,14.0
E01001932,,24.0
E01001933,,24.0
E01001934,,19.0
E01001935,,42.0
E01001937,,39.0
E01001938,,19.0
E01001939,,131.0
E01001940,,41.0
E01001941,,77.0
E01001942,,53.0
E01001943,,119.0
E01001944,,23.0
E01001945,,48.0
E01001946,,38.0
E01001947,,18.0
E01001948,,33.0
E01001949,,33.0
E01001950,,44.0
E01001951,,27.0
E01001952,,45.0
E01001953,,39.0
E01001954,,18.0
E01001955,,19.0
E01001956,,23.0
E01001957,,9.0
E01001958,,5.0
E01001959,,16.0
E01001960,,35.0
E01001961,,15.0
E01001962,,10.0
E01001963,,12.0
E01001964,,26.0
E01001965,,9.0
E01001966,,6.0
E01001967,,10.0
E01001968,,13.0
E01001969,,16.0
E01001970,,17.0
E01001971,,8.0
E01001972,,12.0
E01001973,,26.0
E01001974,,15.0
E01001975,,9.0
E01001976,,6.0
E01001977,,13.0
E01001978,,10.0
E01001979,,15.0
E01001980,,17.0
E01001981,,11.0
E01001982,,24.0
E01001983,,24.0
E01001984,,24.0
E01001985,,19.0
E01001986,,17.0
E01001987,,15.0
E01001988,,22.0
E01001989,,5.0
E01001990,,39.0
E01001991,,12.0
E01001992,,15.0
E01001993,,17.0
E01001994,,16.0
E01001995,,18.0
E01001996,,17.0
E01001997,,15.0
E01001998,,29.0
E01001999,,43.0
E01002000,,13.0
E01002001,,32.0
E01002002,,43.0
E01002003,,32.0
E01002004,,15.0
E01002005,,23.0
E01002006,,20.0
E01002007,,17.0
E01002008,,8.0
E01002009,,23.0
E01002010,,11.0
E01002011,,38.0
E01002013,,16.0
E01002014,,12.0
E01002015,,10.0
E01002016,,21.0
E01002017,,18.0
E01002018,,15.0
E01002019,,10.0
E01002020,,5.0
E01002021,,12.0
E01002022,,21.0
E01002023,,20.0
E01002024,,9.0
E01002025,,12.0
E01002026,,15.0
E01002027,,15.0
E01002028,,15.0
E01002029,,20.0
E01002030,,25.0
E01002031,,29.0
E01002032,,8.0
E01002033,,18.0
E01002034,,11.0
E01002036,,8.0
E01002037,,8.0
E01002038,,13.0
E01002039,,6.0
E01002040,,12.0
E01002041,,8.0
E01002042,,19.0
E01002043,,29.0
E01002044,,28.0
E01002045,,22.0
E01002046,,14.0
E01002047,,19.0
E01002048,,22.0
E01002049,,23.0
E01002050,,8.0
E01002051,,12.0
E01002052,,6.0
E01002053,,13.0
E01002054,,15.0
E01002055,,20.0
E01002056,,35.0
E01002057,,24.0
E01002058,,33.0
E01002059,,22.0
E01002060,,23.0
E01002061,,24.0
E01002062,,27.0
E01002063,,21.0
E01002064,,15.0
E01002065,,32.0
E01002066,,16.0
E01002067,,29.0
E01002068,,63.0
E01002069,,35.0
E01002070,,45.0
E01002071,,32.0
E01002072,,30.0
E01002073,,34.0
E01002074,,8.0
E01002075,,7.0
E01002076,,14.0
E01002077,,11.0
E01002078,,29.0
E01002079,,7.0
E01002080,,63.0
E01002081,,13.0
E01002082,,2.0
E01002083,,21.0
E01002084,,27.0
E01002085,,17.0
E01002086,,11.0
E01002087,,18.0
E01002088,,15.0
E01002089,,3.0
E01002090,,8.0
E01002091,,1.0
E01002092,,7.0
E01002093,,11.0
E01002094,,12.0
E01002095,,6.0
E01002096,,10.0
E01002097,,13.0
E01002098,,23.0
E01002099,,12.0
E01002100,,7.0
E01002101,,8.0
E01002102,,18.0
E01002103,,14.0
E01002104,,8.0
E01002105,,12.0
E01002106,,1.0
E01002107,,1.0
E01002108,,3.0
E01002109,,2.0
E01002110,,4.0
E01002111,,5.0
E01002112,,5.0
E01002113,,2.0
E01002114,,5.0
E01002115,,2.0
E01002116,,2.0
E01002117,,10.0
E01002118,,5.0
E01002119,,9.0
E01002120,,
E01002121,,
E01002122,,9.0
E01002123,,12.0
E01002124,,3.0
E01002125,,2.0
E01002126,,24.0
E01002127,,22.0
E01002128,,20.0
E01002129,,43.0
E01002130,,13.0
E01002131,,2.0
E01002132,,5.0
E01002133,,11.0
E01002134,,5.0
E01002135,,14.0
E01002136,,4.0
E01002137,,9.0
E01002138,,5.0
E01002139,,
E01002140,,3.0
E01002141,,2.0
E01002142,,3.0
E01002143,,2.0
E01002144,,4.0
E01002145,,
E01002146,,
E01002147,,1.0
E01002148,,1.0
E01002149,,
E01002150,,3.0
E01002151,,
E01002152,,1.0
E01002153,,9.0
E01002154,,8.0
E01002155,,
E01002156,,4.0
E01002157,,4.0
E01002158,,1.0
E01002159,,7.0
E01002160,,6.0
E01002161,,5.0
E01002162,,6.0
E01002163,,
E01002164,,5.0
E01002165,,
E01002166,,1.0
E01002167,,1.0
E01002168,,
E01002169,,1.0
E01002170,,2.0
E01002171,,1.0
E01002172,,4.0
E01002173,,1.0
E01002174,,2.0
E01002175,,1.0
E01002176,,3.0
E01002177,,
E01002178,,
E01002179,,9.0
E01002180,,9.0
E01002181,,20.0
E01002182,,2.0
E01002183,,4.0
E01002184,,3.0
E01002185,,3.0
E01002186,,2.0
E01002187,,
E01002188,,1.0
E01002189,,3.0
E01002190,,4.0
E01002191,,7.0
E01002192,,4.0
E01002193,,1.0
E01002194,,2.0
E01002195,,2.0
E01002196,,1.0
E01002197,,
E01002198,,
E01002199,,1.0
E01002200,,11.0
E01002201,,5.0
E01002202,,1.0
E01002203,,3.0
E01002204,,6.0
E01002206,,4.0
E01002207,,3.0
E01002208,,3.0
E01002209,,17.0
E01002210,,3.0
E01002211,,4.0
E01002212,,9.0
E01002213,,13.0
E01002214,,1.0
E01002215,,1.0
E01002216,,2.0
E01002217,,7.0
E01002218,,4.0
E01002219,,1.0
E01002220,,
E01002221,,5.0
E01002222,,2.0
E01002223,,4.0
E01002224,,1.0
E01002225,,5.0
E01002226,,7.0
E01002227,,4.0
E01002228,,3.0
E01002229,,2.0
E01002230,,
E01002231,,
E01002232,,29.0
E01002233,,3.0
E01002234,,1.0
E01002235,,1.0
E01002236,,6.0
E01002237,,7.0
E01002238,,6.0
E01002239,,9.0
E01002240,,3.0
E01002241,,
E01002242,,2.0
E01002243,,6.0
E01002244,,5.0
E01002245,,2.0
E01002246,,2.0
E01002247,,10.0
E01002248,,7.0
E01002249,,15.0
E01002250,,9.0
E01002251,,5.0
E01002252,,1.0
E01002253,,1.0
E01002254,,
E01002255,,
E01002256,,
E01002257,,
E01002258,,4.0
E01002259,,
E01002260,,12.0
E01002261,,5.0
E01002262,,1.0
E01002263,,4.0
E01002264,,1.0
E01002265,,1.0
E01002266,,1.0
E01002267,,2.0
E01002268,,1.0
E01002269,,
E01002270,,3.0
E01002271,,1.0
E01002272,,1.0
E01002273,,2.0
E01002274,,5.0
E01002275,,2.0
E01002276,,2.0
E01002277,,5.0
E01002278,,9.0
E01002279,,2.0
E01002280,,1.0
E01002281,,3.0
E01002282,,3.0
E01002283,,5.0
E01002284,,1.0
E01002285,,2.0
E01002286,,
E01002287,,5.0
E01002288,,1.0
E01002289,,
E01002290,,1.0
E01002291,,2.0
E01002292,,
E01002293,,4.0
E01002294,,
E01002295,,2.0
E01002296,,2.0
E01002297,,2.0
E01002298,,
E01002299,,7.0
E01002300,,5.0
E01002301,,
E01002302,,4.0
E01002303,,2.0
E01002304,,
E01002305,,2.0
E01002306,,
E01002307,,6.0
E01002308,,10.0
E01002309,,2.0
E01002310,,6.0
E01002311,,2.0
E01002312,,2.0
E01002313,,3.0
E01002314,,4.0
E01002315,,3.0
E01002316,,9.0
E01002317,,2.0
E01002318,,
E01002319,,3.0
E01002320,,1.0
E01002321,,8.0
E01002322,,3.0
E01002323,,1.0
E01002324,,1.0
E01002325,,2.0
E01002326,,3.0
E01002327,,2.0
E01002328,,7.0
E01002329,,5.0
E01002330,,2.0
E01002331,,4.0
E01002332,,5.0
E01002333,,2.0
E01002334,,3.0
E01002335,,4.0
E01002336,,2.0
E01002337,,
E01002338,,4.0
E01002339,,
E01002340,,2.0
E01002341,,1.0
E01002342,,5.0
E01002343,,6.0
E01002344,,5.0
E01002345,,4.0
E01002346,,5.0
E01002347,,4.0
E01002348,,2.0
E01002349,,1.0
E01002350,,8.0
E01002351,,3.0
E01002352,,7.0
E01002353,,3.0
E01002354,,
E01002355,,2.0
E01002356,,29.0
E01002358,,11.0
E01002359,,1.0
E01002360,,4.0
E01002361,,5.0
E01002362,,3.0
E01002363,,2.0
E01002364,,1.0
E01002365,,1.0
E01002366,,2.0
E01002367,,5.0
E01002368,,26.0
E01002369,,3.0
E01002370,,7.0
E01002371,,1.0
E01002372,,
E01002373,,4.0
E01002374,,2.0
E01002375,,6.0
E01002376,,1.0
E01002377,,5.0
E01002378,,4.0
E01002379,,2.0
E01002380,,5.0
E01002381,,1.0
E01002382,,4.0
E01002383,,4.0
E01002384,,2.0
E01002385,,1.0
E01002386,,4.0
E01002387,,
E01002388,,
E01002389,,1.0
E01002390,,
E01002391,,5.0
E01002392,,1.0
E01002393,,1.0
E01002394,,
E01002395,,
E01002396,,2.0
E01002397,,1.0
E01002398,,2.0
E01002399,,1.0
E01002400,,10.0
E01002401,,3.0
E01002402,,
E01002403,,3.0
E01002404,,2.0
E01002405,,9.0
E01002406,,14.0
E01002407,,26.0
E01002408,,15.0
E01002409,,6.0
E01002410,,8.0
E01002411,,1.0
E01002412,,24.0
E01002413,,3.0
E01002414,,4.0
E01002415,,4.0
E01002416,,2.0
E01002417,,5.0
E01002418,,1.0
E01002419,,4.0
E01002420,,2.0
E01002421,,1.0
E01002422,,5.0
E01002423,,2.0
E01002424,,3.0
E01002425,,1.0
E01002426,,1.0
E01002427,,2.0
E01002428,,1.0
E01002429,,4.0
E01002430,,2.0
E01002431,,
E01002432,,2.0
E01002433,,2.0
E01002434,,
E01002435,,
E01002436,,2.0
E01002437,,1.0
E01002438,,10.0
E01002439,,
E01002440,,2.0
E01002441,,3.0
E01002442,,2.0
E01002443,,17.0
E01002444,,58.0
E01002445,,1.0
E01002446,,6.0
E01002447,,32.0
E01002448,,5.0
E01002449,,26.0
E01002450,,4.0
E01002451,,2.0
E01002452,,4.0
E01002453,,1.0
E01002454,,2.0
E01002455,,3.0
E01002456,,1.0
E01002457,,2.0
E01002458,,2.0
E01002459,,1.0
E01002460,,3.0
E01002461,,6.0
E01002462,,3.0
E01002463,,1.0
E01002464,,
E01002465,,
E01002466,,1.0
E01002467,,
E01002468,,2.0
E01002469,,3.0
E01002470,,2.0
E01002471,,7.0
E01002472,,5.0
E01002473,,
E01002474,,7.0
E01002475,,2.0
E01002476,,4.0
E01002477,,1.0
E01002478,,1.0
E01002479,,5.0
E01002480,,3.0
E01002481,,3.0
E01002482,,2.0
E01002483,,6.0
E01002484,,6.0
E01002485,,2.0
E01002486,,8.0
E01002487,,9.0
E01002488,,9.0
E01002489,,3.0
E01002490,,8.0
E01002491,,8.0
E01002492,,1.0
E01002493,,3.0
E01002494,,2.0
E01002495,,4.0
E01002496,,2.0
E01002497,,18.0
E01002498,,4.0
E01002499,,3.0
E01002501,,1.0
E01002502,,7.0
E01002503,,3.0
E01002504,,9.0
E01002505,,3.0
E01002506,,9.0
E01002507,,5.0
E01002508,,10.0
E01002509,,3.0
E01002511,,4.0
E01002512,,12.0
E01002513,,7.0
E01002514,,12.0
E01002515,,14.0
E01002516,,5.0
E01002518,,5.0
E01002519,,12.0
E01002520,,12.0
E01002521,,8.0
E01002523,,8.0
E01002525,,8.0
E01002526,,23.0
E01002527,,
E01002528,,8.0
E01002529,,21.0
E01002530,,
E01002531,,4.0
E01002532,,26.0
E01002533,,2.0
E01002534,,1.0
E01002535,,4.0
E01002536,,2.0
E01002537,,11.0
E01002538,,3.0
E01002539,,
E01002540,,1.0
E01002541,,7.0
E01002542,,4.0
E01002543,,3.0
E01002544,,3.0
E01002545,,3.0
E01002546,,
E01002547,,
E01002548,,7.0
E01002549,,6.0
E01002550,,5.0
E01002551,,3.0
E01002552,,4.0
E01002553,,7.0
E01002554,,31.0
E01002555,,27.0
E01002556,,1.0
E01002557,,11.0
E01002558,,3.0
E01002559,,10.0
E01002560,,4.0
E01002561,,3.0
E01002562,,8.0
E01002563,,28.0
E01002564,,33.0
E01002565,,44.0
E01002566,,66.0
E01002567,,15.0
E01002568,,23.0
E01002569,,22.0
E01002570,,21.0
E01002571,,5.0
E01002572,,20.0
E01002573,,21.0
E01002574,,11.0
E01002575,,20.0
E01002576,,8.0
E01002577,,22.0
E01002578,,10.0
E01002579,,8.0
E01002580,,18.0
E01002581,,15.0
E01002582,,12.0
E01002583,,
E01002584,,8.0
E01002585,,4.0
E01002586,,3.0
E01002587,,3.0
E01002588,,2.0
E01002589,,15.0
E01002590,,3.0
E01002591,,6.0
E01002592,,7.0
E01002593,,7.0
E01002594,,4.0
E01002595,,2.0
E01002596,,4.0
E01002598,,8.0
E01002599,,1.0
E01002600,,
E01002601,,3.0
E01002602,,2.0
E01002603,,5.0
E01002604,,2.0
E01002605,,12.0
E01002606,,1.0
E01002607,,5.0
E01002608,,2.0
E01002609,,1.0
E01002610,,2.0
E01002611,,6.0
E01002612,,16.0
E01002613,,7.0
E01002614,,10.0
E01002615,,3.0
E01002616,,6.0
E01002617,,2.0
E01002618,,1.0
E01002619,,4.0
E01002620,,3.0
E01002621,,1.0
E01002622,,4.0
E01002623,,6.0
E01002624,,11.0
E01002625,,2.0
E01002626,,1.0
E01002627,,2.0
E01002628,,3.0
E01002629,,13.0
E01002630,,6.0
E01002631,,4.0
E01002632,,3.0
E01002633,,2.0
E01002634,,3.0
E01002635,,4.0
E01002636,,5.0
E01002637,,
E01002638,,5.0
E01002639,,5.0
E01002640,,7.0
E01002641,,21.0
E01002642,,8.0
E01002643,,9.0
E01002645,,9.0
E01002646,,5.0
E01002647,,3.0
E01002648,,11.0
E01002649,,11.0
E01002650,,3.0
E01002651,,4.0
E01002652,,4.0
E01002653,,4.0
E01002654,,3.0
E01002655,,5.0
E01002656,,15.0
E01002657,,14.0
E01002658,,9.0
E01002659,,6.0
E01002660,,3.0
E01002661,,5.0
E01002662,,11.0
E01002663,,4.0
E01002664,,19.0
E01002665,,1.0
E01002666,,3.0
E01002667,,28.0
E01002668,,9.0
E01002669,,3.0
E01002670,,13.0
E01002671,,11.0
E01002672,,10.0
E01002673,,2.0
E01002674,,5.0
E01002675,,9.0
E01002676,,7.0
E01002677,,17.0
E01002678,,25.0
E01002679,,12.0
E01002680,,9.0
E01002681,,11.0
E01002682,,15.0
E01002683,,12.0
E01002684,,30.0
E01002686,,4.0
E01002687,,13.0
E01002689,,11.0
E01002690,,10.0
E01002691,,25.0
E01002692,,36.0
E01002693,,30.0
E01002694,,47.0
E01002695,,73.0
E01002696,,60.0
E01002697,,56.0
E01002698,,43.0
E01002699,,17.0
E01002700,,28.0
E01002701,,61.0
E01002702,,110.0
E01002703,,65.0
E01002704,,115.0
E01002706,,77.0
E01002707,,56.0
E01002708,,107.0
E01002709,,58.0
E01002710,,81.0
E01002711,,169.0
E01002712,,56.0
E01002713,,33.0
E01002714,,46.0
E01002715,,44.0
E01002716,,39.0
E01002717,,22.0
E01002718,,41.0
E01002719,,23.0
E01002720,,29.0
E01002721,,57.0
E01002722,,28.0
E01002723,,52.0
E01002724,,160.0
E01002725,,20.0
E01002726,,73.0
E01002727,,37.0
E01002728,,77.0
E01002729,,63.0
E01002730,,49.0
E01002731,,83.0
E01002732,,29.0
E01002733,,38.0
E01002734,,42.0
E01002735,,32.0
E01002736,,14.0
E01002737,,22.0
E01002738,,32.0
E01002739,,39.0
E01002740,,57.0
E01002741,,30.0
E01002742,,27.0
E01002743,,31.0
E01002744,,26.0
E01002745,,33.0
E01002747,,34.0
E01002748,,31.0
E01002749,,13.0
E01002751,,16.0
E01002752,,13.0
E01002753,,23.0
E01002754,,24.0
E01002755,,10.0
E01002756,,16.0
E01002757,,19.0
E01002758,,18.0
E01002759,,13.0
E01002760,,20.0
E01002762,,47.0
E01002763,,32.0
E01002764,,49.0
E01002765,,54.0
E01002766,,29.0
E01002767,,43.0
E01002768,,20.0
E01002769,,24.0
E01002770,,38.0
E01002771,,31.0
E01002772,,28.0
E01002773,,13.0
E01002774,,27.0
E01002775,,37.0
E01002776,,37.0
E01002777,,51.0
E01002778,,43.0
E01002779,,58.0
E01002780,,41.0
E01002781,,16.0
E01002782,,26.0
E01002783,,47.0
E01002784,,36.0
E01002785,,17.0
E01002786,,29.0
E01002787,,25.0
E01002788,,28.0
E01002789,,34.0
E01002790,,31.0
E01002791,,33.0
E01002792,,46.0
E01002793,,56.0
E01002794,,62.0
E01002795,,55.0
E01002796,,32.0
E01002797,,39.0
E01002798,,48.0
E01002799,,37.0
E01002800,,32.0
E01002801,,40.0
E01002802,,56.0
E01002803,,127.0
E01002804,,27.0
E01002805,,28.0
E01002806,,36.0
E01002807,,17.0
E01002808,,21.0
E01002809,,28.0
E01002810,,22.0
E01002811,,10.0
E01002812,,85.0
E01002813,,60.0
E01002814,,96.0
E01002815,,45.0
E01002816,,30.0
E01002817,,53.0
E01002818,,145.0
E01002819,,173.0
E01002820,,125.0
E01002821,,65.0
E01002822,,55.0
E01002823,,45.0
E01002824,,54.0
E01002825,,34.0
E01002826,,56.0
E01002827,,100.0
E01002828,,39.0
E01002829,,60.0
E01002830,,54.0
E01002831,,76.0
E01002832,,62.0
E01002833,,41.0
E01002834,,67.0
E01002835,,205.0
E01002836,,47.0
E01002837,,54.0
E01002838,,34.0
E01002839,,177.0
E01002840,,27.0
E01002841,,65.0
E01002842,,6.0
E01002843,,44.0
E01002844,,39.0
E01002845,,34.0
E01002846,,82.0
E01002847,,112.0
E01002848,,102.0
E01002849,,79.0
E01002850,,153.0
E01002851,,96.0
E01002852,,47.0
E01002853,,39.0
E01002854,,39.0
E01002855,,58.0
E01002856,,65.0
E01002857,,14.0
E01002858,,199.0
E01002859,,62.0
E01002860,,75.0
E01002861,,128.0
E01002862,,55.0
E01002863,,75.0
E01002864,,44.0
E01002865,,22.0
E01002866,,103.0
E01002867,,77.0
E01002868,,32.0
E01002869,,45.0
E01002870,,22.0
E01002871,,46.0
E01002872,,17.0
E01002873,,45.0
E01002874,,45.0
E01002875,,31.0
E01002876,,43.0
E01002877,,37.0
E01002878,,64.0
E01002879,,43.0
E01002880,,14.0
E01002881,,12.0
E01002882,,35.0
E01002883,,40.0
E01002884,,128.0
E01002885,,119.0
E01002886,,70.0
E01002887,,62.0
E01002888,,124.0
E01002889,,51.0
E01002890,,73.0
E01002891,,78.0
E01002892,,68.0
E01002893,,95.0
E01002894,,105.0
E01002895,,41.0
E01002896,,72.0
E01002897,,60.0
E01002898,,47.0
E01002899,,23.0
E01002900,,28.0
E01002901,,21.0
E01002902,,59.0
E01002903,,31.0
E01002904,,4.0
E01002905,,35.0
E01002906,,27.0
E01002907,,7.0
E01002908,,25.0
E01002909,,60.0
E01002910,,35.0
E01002911,,40.0
E01002912,,56.0
E01002913,,74.0
E01002914,,51.0
E01002915,,2.0
E01002916,,
E01002917,,8.0
E01002918,,5.0
E01002919,,8.0
E01002920,,4.0
E01002921,,12.0
E01002922,,5.0
E01002923,,5.0
E01002924,,1.0
E01002925,,6.0
E01002926,,5.0
E01002927,,3.0
E01002928,,8.0
E01002929,,17.0
E01002930,,13.0
E01002931,,4.0
E01002932,,5.0
E01002933,,15.0
E01002934,,6.0
E01002935,,24.0
E01002937,,6.0
E01002938,,10.0
E01002939,,1.0
E01002940,,2.0
E01002941,,1.0
E01002942,,3.0
E01002943,,3.0
E01002944,,1.0
E01002945,,5.0
E01002946,,5.0
E01002947,,
E01002948,,7.0
E01002949,,2.0
E01002950,,4.0
E01002951,,9.0
E01002952,,7.0
E01002953,,7.0
E01002954,,5.0
E01002955,,20.0
E01002956,,9.0
E01002957,,10.0
E01002958,,3.0
E01002959,,1.0
E01002960,,10.0
E01002961,,3.0
E01002962,,3.0
E01002963,,5.0
E01002964,,21.0
E01002965,,23.0
E01002966,,14.0
E01002967,,12.0
E01002968,,36.0
E01002969,,5.0
E01002970,,6.0
E01002971,,7.0
E01002972,,10.0
E01002973,,12.0
E01002974,,21.0
E01002975,,5.0
E01002976,,5.0
E01002977,,4.0
E01002978,,4.0
E01002979,,4.0
E01002980,,5.0
E01002981,,7.0
E01002982,,1.0
E01002983,,10.0
E01002984,,6.0
E01002985,,6.0
E01002986,,5.0
E01002987,,16.0
E01002988,,3.0
E01002989,,21.0
E01002990,,12.0
E01002991,,7.0
E01002992,,11.0
E01002993,,3.0
E01002994,,5.0
E01002995,,4.0
E01002996,,2.0
E01002997,,9.0
E01002998,,4.0
E01002999,,21.0
E01003000,,
E01003001,,8.0
E01003002,,7.0
E01003003,,7.0
E01003004,,
E01003005,,
E01003006,,3.0
E01003007,,11.0
E01003008,,5.0
E01003009,,11.0
E01003010,,5.0
E01003011,,11.0
E01003013,,66.0
E01003014,,64.0
E01003015,,50.0
E01003016,,19.0
E01003017,,56.0
E01003018,,59.0
E01003019,,57.0
E01003020,,55.0
E01003021,,25.0
E01003022,,30.0
E01003023,,45.0
E01003024,,35.0
E01003025,,35.0
E01003026,,33.0
E01003027,,13.0
E01003028,,12.0
E01003029,,28.0
E01003030,,28.0
E01003031,,9.0
E01003032,,30.0
E01003033,,10.0
E01003034,,33.0
E01003035,,36.0
E01003036,,29.0
E01003037,,21.0
E01003038,,23.0
E01003039,,41.0
E01003040,,27.0
E01003041,,32.0
E01003042,,21.0
E01003043,,38.0
E01003044,,11.0
E01003045,,21.0
E01003046,,19.0
E01003047,,40.0
E01003048,,20.0
E01003049,,33.0
E01003050,,42.0
E01003051,,39.0
E01003052,,36.0
E01003053,,41.0
E01003054,,33.0
E01003055,,47.0
E01003056,,42.0
E01003057,,31.0
E01003058,,28.0
E01003059,,25.0
E01003060,,18.0
E01003061,,24.0
E01003062,,19.0
E01003063,,11.0
E01003064,,16.0
E01003065,,14.0
E01003066,,15.0
E01003067,,11.0
E01003068,,5.0
E01003069,,13.0
E01003070,,5.0
E01003071,,32.0
E01003072,,23.0
E01003073,,29.0
E01003074,,79.0
E01003075,,17.0
E01003076,,38.0
E01003077,,33.0
E01003078,,28.0
E01003079,,21.0
E01003080,,9.0
E01003081,,22.0
E01003082,,6.0
E01003083,,6.0
E01003084,,14.0
E01003085,,15.0
E01003086,,6.0
E01003087,,11.0
E01003088,,29.0
E01003089,,36.0
E01003090,,57.0
E01003091,,11.0
E01003092,,22.0
E01003093,,23.0
E01003094,,20.0
E01003095,,52.0
E01003096,,50.0
E01003097,,44.0
E01003098,,22.0
E01003099,,45.0
E01003100,,55.0
E01003101,,28.0
E01003102,,78.0
E01003104,,46.0
E01003105,,60.0
E01003106,,50.0
E01003107,,46.0
E01003108,,18.0
E01003109,,70.0
E01003110,,47.0
E01003111,,34.0
E01003112,,78.0
E01003113,,21.0
E01003114,,26.0
E01003115,,10.0
E01003116,,20.0
E01003117,,26.0
E01003118,,23.0
E01003119,,23.0
E01003120,,26.0
E01003121,,23.0
E01003122,,48.0
E01003123,,41.0
E01003124,,24.0
E01003125,,30.0
E01003126,,23.0
E01003127,,35.0
E01003128,,13.0
E01003129,,41.0
E01003130,,25.0
E01003131,,30.0
E01003132,,11.0
E01003133,,18.0
E01003134,,16.0
E01003135,,16.0
E01003136,,29.0
E01003137,,17.0
E01003138,,15.0
E01003139,,5.0
E01003140,,4.0
E01003141,,9.0
E01003142,,9.0
E01003143,,6.0
E01003144,,13.0
E01003145,,15.0
E01003146,,7.0
E01003147,,18.0
E01003148,,17.0
E01003149,,14.0
E01003150,,11.0
E01003151,,17.0
E01003152,,29.0
E01003153,,32.0
E01003154,,16.0
E01003155,,24.0
E01003156,,9.0
E01003157,,15.0
E01003158,,22.0
E01003159,,36.0
E01003160,,8.0
E01003161,,14.0
E01003162,,16.0
E01003163,,17.0
E01003164,,41.0
E01003165,,7.0
E01003166,,24.0
E01003167,,11.0
E01003168,,15.0
E01003169,,40.0
E01003170,,16.0
E01003171,,29.0
E01003172,,11.0
E01003173,,36.0
E01003174,,18.0
E01003175,,18.0
E01003176,,41.0
E01003177,,44.0
E01003178,,42.0
E01003179,,17.0
E01003180,,21.0
E01003181,,23.0
E01003182,,23.0
E01003183,,23.0
E01003184,,14.0
E01003185,,35.0
E01003186,,46.0
E01003187,,33.0
E01003188,,23.0
E01003189,,9.0
E01003190,,12.0
E01003191,,10.0
E01003192,,12.0
E01003193,,14.0
E01003194,,8.0
E01003195,,8.0
E01003196,,3.0
E01003197,,1.0
E01003198,,10.0
E01003199,,35.0
E01003200,,13.0
E01003201,,16.0
E01003202,,17.0
E01003203,,13.0
E01003204,,11.0
E01003205,,14.0
E01003206,,10.0
E01003207,,25.0
E01003209,,31.0
E01003210,,24.0
E01003211,,19.0
E01003212,,48.0
E01003213,,17.0
E01003214,,31.0
E01003215,,44.0
E01003216,,12.0
E01003217,,4.0
E01003218,,6.0
E01003219,,11.0
E01003220,,9.0
E01003221,,14.0
E01003222,,7.0
E01003223,,12.0
E01003224,,11.0
E01003225,,14.0
E01003226,,13.0
E01003227,,25.0
E01003228,,13.0
E01003229,,18.0
E01003230,,19.0
E01003231,,19.0
E01003232,,17.0
E01003233,,9.0
E01003235,,3.0
E01003236,,11.0
E01003237,,6.0
E01003238,,1.0
E01003239,,5.0
E01003240,,7.0
E01003241,,4.0
E01003243,,15.0
E01003244,,12.0
E01003245,,13.0
E01003246,,40.0
E01003247,,42.0
E01003248,,25.0
E01003249,,24.0
E01003250,,74.0
E01003251,,13.0
E01003252,,11.0
E01003253,,31.0
E01003254,,22.0
E01003255,,26.0
E01003256,,14.0
E01003257,,7.0
E01003258,,9.0
E01003259,,13.0
E01003260,,15.0
E01003261,,25.0
E01003262,,15.0
E01003263,,7.0
E01003264,,8.0
E01003265,,11.0
E01003266,,8.0
E01003267,,4.0
E01003268,,12.0
E01003269,,6.0
E01003270,,12.0
E01003271,,3.0
E01003272,,23.0
E01003273,,12.0
E01003274,,19.0
E01003275,,7.0
E01003276,,16.0
E01003277,,22.0
E01003278,,27.0
E01003279,,13.0
E01003280,,13.0
E01003281,,18.0
E01003282,,23.0
E01003283,,4.0
E01003284,,17.0
E01003285,,20.0
E01003286,,8.0
E01003287,,7.0
E01003288,,24.0
E01003290,,16.0
E01003291,,16.0
E01003292,,24.0
E01003293,,16.0
E01003295,,16.0
E01003296,,56.0
E01003297,,20.0
E01003298,,6.0
E01003299,,31.0
E01003300,,17.0
E01003301,,29.0
E01003302,,23.0
E01003303,,47.0
E01003304,,56.0
E01003305,,22.0
E01003307,,4.0
E01003308,,12.0
E01003309,,11.0
E01003310,,25.0
E01003311,,10.0
E01003312,,6.0
E01003313,,14.0
E01003314,,8.0
E01003315,,7.0
E01003316,,10.0
E01003317,,39.0
E01003318,,25.0
E01003319,,10.0
E01003320,,13.0
E01003321,,14.0
E01003322,,15.0
E01003323,,18.0
E01003324,,6.0
E01003325,,13.0
E01003326,,12.0
E01003327,,7.0
E01003328,,13.0
E01003329,,14.0
E01003330,,10.0
E01003331,,9.0
E01003332,,16.0
E01003333,,10.0
E01003334,,16.0
E01003335,,6.0
E01003336,,7.0
E01003337,,9.0
E01003338,,22.0
E01003339,,32.0
E01003340,,30.0
E01003341,,20.0
E01003342,,23.0
E01003343,,24.0
E01003344,,32.0
E01003345,,29.0
E01003346,,6.0
E01003347,,3.0
E01003348,,4.0
E01003349,,5.0
E01003350,,4.0
E01003351,,2.0
E01003352,,8.0
E01003353,,19.0
E01003354,,19.0
E01003355,,26.0
E01003356,,13.0
E01003357,,20.0
E01003358,,36.0
E01003359,,21.0
E01003360,,24.0
E01003361,,13.0
E01003362,,3.0
E01003363,,5.0
E01003364,,4.0
E01003365,,13.0
E01003366,,16.0
E01003367,,44.0
E01003368,,7.0
E01003369,,24.0
E01003370,,30.0
E01003371,,12.0
E01003372,,6.0
E01003373,,4.0
E01003374,,15.0
E01003375,,3.0
E01003376,,6.0
E01003377,,1.0
E01003378,,5.0
E01003379,,8.0
E01003380,,23.0
E01003381,,14.0
E01003382,,13.0
E01003383,,51.0
E01003384,,19.0
E01003385,,18.0
E01003386,,4.0
E01003387,,8.0
E01003388,,3.0
E01003389,,4.0
E01003390,,2.0
E01003391,,
E01003392,,6.0
E01003393,,8.0
E01003394,,14.0
E01003395,,10.0
E01003396,,8.0
E01003397,,12.0
E01003398,,10.0
E01003399,,22.0
E01003400,,30.0
E01003401,,28.0
E01003402,,24.0
E01003403,,23.0
E01003404,,20.0
E01003405,,7.0
E01003406,,8.0
E01003407,,10.0
E01003408,,11.0
E01003409,,5.0
E01003410,,12.0
E01003411,,10.0
E01003412,,7.0
E01003413,,11.0
E01003414,,3.0
E01003415,,6.0
E01003416,,5.0
E01003417,,
E01003418,,
E01003419,,3.0
E01003420,,2.0
E01003421,,9.0
E01003422,,4.0
E01003423,,21.0
E01003424,,11.0
E01003425,,13.0
E01003426,,4.0
E01003427,,16.0
E01003428,,12.0
E01003429,,2.0
E01003430,,1.0
E01003431,,2.0
E01003432,,1.0
E01003433,,5.0
E01003434,,2.0
E01003435,,7.0
E01003436,,15.0
E01003437,,10.0
E01003438,,6.0
E01003439,,12.0
E01003440,,3.0
E01003441,,9.0
E01003442,,16.0
E01003443,,13.0
E01003444,,11.0
E01003445,,12.0
E01003446,,24.0
E01003447,,17.0
E01003448,,9.0
E01003449,,9.0
E01003450,,2.0
E01003451,,4.0
E01003452,,6.0
E01003453,,8.0
E01003454,,11.0
E01003455,,18.0
E01003456,,28.0
E01003457,,16.0
E01003458,,17.0
E01003459,,22.0
E01003460,,18.0
E01003461,,25.0
E01003462,,11.0
E01003463,,9.0
E01003464,,15.0
E01003465,,17.0
E01003466,,10.0
E01003467,,6.0
E01003468,,3.0
E01003469,,5.0
E01003470,,8.0
E01003471,,15.0
E01003472,,16.0
E01003473,,21.0
E01003474,,17.0
E01003475,,47.0
E01003476,,17.0
E01003477,,16.0
E01003478,,36.0
E01003479,,9.0
E01003480,,16.0
E01003481,,9.0
E01003482,,51.0
E01003483,,14.0
E01003484,,10.0
E01003485,,19.0
E01003486,,7.0
E01003487,,1.0
E01003488,,5.0
E01003489,,11.0
E01003490,,2.0
E01003491,,12.0
E01003492,,4.0
E01003493,,7.0
E01003494,,5.0
E01003495,,2.0
E01003496,,8.0
E01003497,,26.0
E01003498,,11.0
E01003499,,13.0
E01003500,,23.0
E01003501,,16.0
E01003502,,46.0
E01003503,,37.0
E01003506,,18.0
E01003507,,13.0
E01003508,,30.0
E01003509,,15.0
E01003511,,20.0
E01003512,,27.0
E01003513,,13.0
E01003514,,8.0
E01003515,,32.0
E01003516,,12.0
E01003517,,18.0
E01003518,,6.0
E01003519,,15.0
E01003520,,1.0
E01003521,,6.0
E01003522,,2.0
E01003523,,10.0
E01003524,,9.0
E01003525,,10.0
E01003526,,8.0
E01003527,,5.0
E01003528,,
E01003529,,13.0
E01003530,,3.0
E01003531,,3.0
E01003532,,3.0
E01003533,,
E01003534,,9.0
E01003535,,3.0
E01003536,,3.0
E01003537,,7.0
E01003538,,3.0
E01003539,,6.0
E01003540,,7.0
E01003541,,11.0
E01003542,,3.0
E01003543,,18.0
E01003544,,12.0
E01003545,,12.0
E01003546,,7.0
E01003547,,12.0
E01003548,,40.0
E01003549,,23.0
E01003550,,7.0
E01003551,,14.0
E01003552,,10.0
E01003553,,13.0
E01003554,,15.0
E01003555,,8.0
E01003556,,11.0
E01003557,,26.0
E01003558,,14.0
E01003559,,33.0
E01003560,,3.0
E01003561,,3.0
E01003562,,1.0
E01003563,,8.0
E01003564,,2.0
E01003565,,7.0
E01003566,,5.0
E01003567,,7.0
E01003568,,7.0
E01003569,,8.0
E01003570,,7.0
E01003571,,18.0
E01003572,,3.0
E01003573,,6.0
E01003574,,6.0
E01003575,,6.0
E01003576,,1.0
E01003577,,1.0
E01003578,,7.0
E01003579,,1.0
E01003580,,6.0
E01003581,,4.0
E01003582,,1.0
E01003583,,3.0
E01003584,,11.0
E01003585,,4.0
E01003586,,5.0
E01003587,,11.0
E01003588,,2.0
E01003589,,4.0
E01003590,,4.0
E01003591,,7.0
E01003592,,6.0
E01003593,,16.0
E01003594,,9.0
E01003595,,6.0
E01003596,,1.0
E01003597,,8.0
E01003598,,6.0
E01003599,,7.0
E01003600,,9.0
E01003601,,9.0
E01003602,,11.0
E01003603,,16.0
E01003604,,17.0
E01003605,,22.0
E01003606,,10.0
E01003607,,9.0
E01003608,,7.0
E01003609,,84.0
E01003611,,6.0
E01003615,,11.0
E01003616,,33.0
E01003617,,41.0
E01003618,,24.0
E01003619,,28.0
E01003621,,2.0
E01003622,,2.0
E01003623,,3.0
E01003624,,1.0
E01003625,,
E01003626,,
E01003627,,1.0
E01003628,,2.0
E01003629,,8.0
E01003630,,13.0
E01003631,,11.0
E01003632,,16.0
E01003633,,8.0
E01003634,,22.0
E01003635,,35.0
E01003636,,30.0
E01003637,,19.0
E01003638,,2.0
E01003639,,1.0
E01003640,,5.0
E01003641,,5.0
E01003642,,4.0
E01003643,,7.0
E01003644,,7.0
E01003645,,11.0
E01003646,,3.0
E01003647,,5.0
E01003648,,9.0
E01003649,,2.0
E01003650,,11.0
E01003651,,2.0
E01003652,,1.0
E01003653,,7.0
E01003654,,6.0
E01003655,,4.0
E01003656,,1.0
E01003657,,8.0
E01003658,,3.0
E01003659,,2.0
E01003660,,5.0
E01003661,,8.0
E01003662,,12.0
E01003663,,4.0
E01003664,,6.0
E01003665,,6.0
E01003666,,3.0
E01003668,,8.0
E01003669,,7.0
E01003670,,4.0
E01003671,,1.0
E01003672,,5.0
E01003673,,3.0
E01003674,,12.0
E01003675,,41.0
E01003676,,6.0
E01003677,,7.0
E01003678,,2.0
E01003679,,4.0
E01003680,,3.0
E01003681,,1.0
E01003682,,2.0
E01003683,,1.0
E01003684,,9.0
E01003685,,2.0
E01003686,,2.0
E01003688,,8.0
E01003689,,5.0
E01003690,,21.0
E01003691,,3.0
E01003692,,9.0
E01003693,,7.0
E01003694,,8.0
E01003695,,9.0
E01003696,,7.0
E01003697,,12.0
E01003698,,3.0
E01003699,,7.0
E01003700,,4.0
E01003701,,11.0
E01003702,,9.0
E01003703,,3.0
E01003704,,5.0
E01003705,,9.0
E01003706,,4.0
E01003707,,3.0
E01003708,,1.0
E01003709,,3.0
E01003710,,5.0
E01003711,,4.0
E01003712,,4.0
E01003713,,3.0
E01003714,,5.0
E01003715,,
E01003716,,8.0
E01003718,,4.0
E01003719,,16.0
E01003720,,2.0
E01003721,,2.0
E01003722,,3.0
E01003723,,3.0
E01003724,,7.0
E01003725,,
E01003726,,11.0
E01003727,,4.0
E01003728,,35.0
E01003729,,7.0
E01003730,,3.0
E01003731,,6.0
E01003732,,4.0
E01003733,,3.0
E01003734,,7.0
E01003735,,2.0
E01003736,,8.0
E01003737,,3.0
E01003738,,15.0
E01003739,,2.0
E01003740,,7.0
E01003741,,12.0
E01003742,,3.0
E01003743,,8.0
E01003744,,1.0
E01003745,,2.0
E01003746,,2.0
E01003747,,1.0
E01003748,,3.0
E01003749,,4.0
E01003750,,5.0
E01003751,,6.0
E01003752,,7.0
E01003753,,6.0
E01003754,,7.0
E01003755,,14.0
E01003756,,5.0
E01003757,,1.0
E01003758,,7.0
E01003759,,5.0
E01003760,,9.0
E01003761,,4.0
E01003762,,2.0
E01003763,,7.0
E01003764,,9.0
E01003765,,14.0
E01003766,,
E01003767,,3.0
E01003768,,
E01003769,,6.0
E01003770,,5.0
E01003771,,9.0
E01003772,,4.0
E01003773,,4.0
E01003774,,9.0
E01003775,,11.0
E01003776,,5.0
E01003777,,18.0
E01003778,,13.0
E01003779,,8.0
E01003780,,6.0
E01003781,,16.0
E01003782,,5.0
E01003783,,16.0
E01003784,,7.0
E01003785,,13.0
E01003786,,1.0
E01003787,,5.0
E01003788,,12.0
E01003789,,5.0
E01003790,,7.0
E01003791,,17.0
E01003792,,16.0
E01003793,,4.0
E01003794,,5.0
E01003795,,7.0
E01003796,,6.0
E01003797,,11.0
E01003798,,15.0
E01003799,,16.0
E01003800,,4.0
E01003801,,11.0
E01003802,,3.0
E01003803,,11.0
E01003804,,12.0
E01003805,,11.0
E01003806,,8.0
E01003807,,19.0
E01003808,,11.0
E01003809,,22.0
E01003810,,8.0
E01003811,,11.0
E01003812,,13.0
E01003813,,3.0
E01003814,,13.0
E01003815,,9.0
E01003816,,10.0
E01003817,,15.0
E01003818,,8.0
E01003819,,6.0
E01003820,,10.0
E01003821,,18.0
E01003822,,1.0
E01003823,,28.0
E01003824,,1.0
E01003825,,4.0
E01003826,,2.0
E01003827,,13.0
E01003828,,4.0
E01003829,,2.0
E01003830,,6.0
E01003831,,2.0
E01003832,,3.0
E01003833,,1.0
E01003834,,15.0
E01003835,,4.0
E01003836,,10.0
E01003837,,11.0
E01003838,,2.0
E01003839,,15.0
E01003840,,
E01003841,,3.0
E01003842,,3.0
E01003843,,12.0
E01003844,,3.0
E01003845,,3.0
E01003846,,22.0
E01003847,,12.0
E01003848,,15.0
E01003849,,23.0
E01003851,,20.0
E01003852,,19.0
E01003853,,14.0
E01003854,,7.0
E01003855,,16.0
E01003856,,19.0
E01003857,,21.0
E01003858,,21.0
E01003859,,12.0
E01003860,,21.0
E01003861,,25.0
E01003862,,21.0
E01003863,,9.0
E01003864,,14.0
E01003865,,12.0
E01003866,,9.0
E01003867,,25.0
E01003868,,12.0
E01003869,,21.0
E01003870,,22.0
E01003871,,11.0
E01003872,,12.0
E01003873,,18.0
E01003874,,24.0
E01003875,,7.0
E01003876,,47.0
E01003877,,13.0
E01003878,,4.0
E01003879,,13.0
E01003880,,4.0
E01003881,,4.0
E01003882,,14.0
E01003883,,16.0
E01003884,,8.0
E01003885,,10.0
E01003886,,10.0
E01003887,,8.0
E01003888,,8.0
E01003889,,6.0
E01003890,,6.0
E01003891,,6.0
E01003892,,26.0
E01003893,,16.0
E01003894,,16.0
E01003895,,18.0
E01003896,,13.0
E01003897,,11.0
E01003898,,5.0
E01003899,,10.0
E01003900,,9.0
E01003901,,4.0
E01003902,,1.0
E01003903,,2.0
E01003904,,4.0
E01003905,,12.0
E01003906,,10.0
E01003907,,7.0
E01003908,,13.0
E01003909,,8.0
E01003910,,9.0
E01003911,,26.0
E01003912,,6.0
E01003913,,66.0
E01003914,,26.0
E01003915,,24.0
E01003916,,42.0
E01003917,,36.0
E01003918,,27.0
E01003919,,43.0
E01003920,,16.0
E01003921,,41.0
E01003922,,38.0
E01003923,,37.0
E01003924,,18.0
E01003925,,20.0
E01003926,,24.0
E01003927,,114.0
E01003929,,92.0
E01003930,,46.0
E01003932,,68.0
E01003933,,67.0
E01003934,,57.0
E01003935,,24.0
E01003936,,23.0
E01003937,,50.0
E01003938,,47.0
E01003939,,71.0
E01003940,,26.0
E01003941,,64.0
E01003942,,30.0
E01003943,,65.0
E01003945,,17.0
E01003946,,19.0
E01003947,,13.0
E01003948,,20.0
E01003949,,23.0
E01003950,,10.0
E01003951,,11.0
E01003952,,13.0
E01003953,,25.0
E01003954,,18.0
E01003955,,25.0
E01003956,,17.0
E01003957,,29.0
E01003958,,16.0
E01003960,,52.0
E01003961,,29.0
E01003963,,11.0
E01003964,,42.0
E01003966,,28.0
E01003967,,12.0
E01003968,,1.0
E01003969,,94.0
E01003970,,18.0
E01003971,,10.0
E01003972,,29.0
E01003973,,18.0
E01003974,,2.0
E01003975,,25.0
E01003976,,61.0
E01003977,,33.0
E01003978,,70.0
E01003979,,71.0
E01003980,,29.0
E01003981,,73.0
E01003983,,11.0
E01003984,,45.0
E01003986,,21.0
E01003987,,14.0
E01003988,,78.0
E01003989,,33.0
E01003990,,21.0
E01003991,,26.0
E01003992,,23.0
E01003993,,18.0
E01003994,,45.0
E01003995,,27.0
E01003997,,18.0
E01003998,,39.0
E01003999,,17.0
E01004000,,27.0
E01004001,,14.0
E01004002,,25.0
E01004003,,23.0
E01004004,,44.0
E01004005,,27.0
E01004006,,24.0
E01004007,,12.0
E01004008,,16.0
E01004010,,14.0
E01004011,,15.0
E01004012,,26.0
E01004013,,18.0
E01004014,,19.0
E01004015,,26.0
E01004016,,26.0
E01004017,,17.0
E01004018,,24.0
E01004019,,24.0
E01004020,,11.0
E01004021,,32.0
E01004022,,75.0
E01004023,,40.0
E01004024,,18.0
E01004027,,105.0
E01004028,,70.0
E01004029,,54.0
E01004030,,17.0
E01004031,,53.0
E01004032,,31.0
E01004033,,36.0
E01004034,,18.0
E01004035,,26.0
E01004036,,18.0
E01004037,,22.0
E01004038,,48.0
E01004039,,27.0
E01004040,,14.0
E01004041,,15.0
E01004042,,47.0
E01004043,,25.0
E01004044,,18.0
E01004045,,11.0
E01004046,,31.0
E01004047,,1.0
E01004048,,23.0
E01004049,,12.0
E01004050,,20.0
E01004051,,16.0
E01004052,,24.0
E01004053,,31.0
E01004054,,21.0
E01004055,,18.0
E01004056,,37.0
E01004057,,33.0
E01004058,,32.0
E01004059,,69.0
E01004060,,35.0
E01004061,,31.0
E01004062,,26.0
E01004063,,36.0
E01004064,,22.0
E01004065,,36.0
E01004066,,32.0
E01004067,,35.0
E01004068,,21.0
E01004069,,13.0
E01004070,,24.0
E01004071,,18.0
E01004072,,14.0
E01004073,,15.0
E01004074,,20.0
E01004075,,7.0
E01004076,,7.0
E01004077,,5.0
E01004078,,2.0
E01004079,,2.0
E01004080,,2.0
E01004081,,
E01004082,,3.0
E01004083,,2.0
E01004084,,
E01004085,,2.0
E01004086,,4.0
E01004087,,5.0
E01004088,,1.0
E01004089,,
E01004090,,1.0
E01004091,,
E01004092,,2.0
E01004093,,6.0
E01004094,,5.0
E01004095,,2.0
E01004096,,3.0
E01004097,,2.0
E01004098,,3.0
E01004099,,4.0
E01004100,,7.0
E01004101,,6.0
E01004102,,4.0
E01004103,,6.0
E01004104,,1.0
E01004105,,3.0
E01004106,,5.0
E01004107,,2.0
E01004108,,9.0
E01004109,,2.0
E01004110,,7.0
E01004111,,1.0
E01004112,,13.0
E01004114,,3.0
E01004115,,
E01004116,,6.0
E01004117,,
E01004118,,
E01004119,,2.0
E01004120,,1.0
E01004121,,2.0
E01004122,,4.0
E01004123,,4.0
E01004124,,3.0
E01004125,,1.0
E01004126,,
E01004127,,1.0
E01004128,,3.0
E01004129,,2.0
E01004130,,2.0
E01004131,,2.0
E01004132,,3.0
E01004133,,1.0
E01004134,,6.0
E01004135,,2.0
E01004136,,1.0
E01004137,,14.0
E01004138,,4.0
E01004139,,1.0
E01004140,,4.0
E01004141,,5.0
E01004142,,17.0
E01004143,,4.0
E01004144,,4.0
E01004145,,5.0
E01004146,,8.0
E01004147,,3.0
E01004148,,1.0
E01004149,,6.0
E01004150,,13.0
E01004151,,7.0
E01004152,,6.0
E01004153,,2.0
E01004154,,1.0
E01004155,,9.0
E01004156,,3.0
E01004157,,2.0
E01004158,,3.0
E01004159,,1.0
E01004160,,
E01004161,,3.0
E01004162,,8.0
E01004163,,1.0
E01004164,,2.0
E01004165,,3.0
E01004166,,1.0
E01004167,,2.0
E01004168,,6.0
E01004169,,6.0
E01004170,,7.0
E01004171,,1.0
E01004172,,2.0
E01004173,,
E01004174,,3.0
E01004175,,6.0
E01004176,,4.0
E01004177,,2.0
E01004178,,4.0
E01004179,,
E01004180,,5.0
E01004181,,4.0
E01004182,,2.0
E01004183,,
E01004184,,1.0
E01004185,,4.0
E01004186,,5.0
E01004187,,
E01004188,,12.0
E01004189,,2.0
E01004190,,5.0
E01004191,,1.0
E01004192,,5.0
E01004193,,10.0
E01004194,,4.0
E01004195,,3.0
E01004196,,2.0
E01004197,,86.0
E01004198,,25.0
E01004199,,49.0
E01004200,,28.0
E01004201,,18.0
E01004202,,69.0
E01004203,,84.0
E01004204,,38.0
E01004205,,41.0
E01004206,,23.0
E01004207,,28.0
E01004208,,65.0
E01004209,,21.0
E01004211,,76.0
E01004212,,37.0
E01004214,,21.0
E01004215,,132.0
E01004216,,30.0
E01004217,,34.0
E01004218,,17.0
E01004219,,49.0
E01004221,,36.0
E01004222,,46.0
E01004223,,43.0
E01004224,,175.0
E01004225,,34.0
E01004226,,29.0
E01004228,,48.0
E01004229,,28.0
E01004230,,39.0
E01004231,,25.0
E01004232,,48.0
E01004233,,34.0
E01004234,,83.0
E01004235,,18.0
E01004236,,24.0
E01004237,,24.0
E01004238,,88.0
E01004239,,27.0
E01004240,,17.0
E01004241,,8.0
E01004242,,80.0
E01004243,,28.0
E01004244,,33.0
E01004245,,35.0
E01004246,,71.0
E01004247,,29.0
E01004248,,19.0
E01004249,,24.0
E01004250,,39.0
E01004251,,41.0
E01004252,,71.0
E01004253,,42.0
E01004254,,69.0
E01004255,,31.0
E01004256,,25.0
E01004257,,36.0
E01004258,,8.0
E01004259,,65.0
E01004260,,27.0
E01004261,,23.0
E01004262,,40.0
E01004263,,16.0
E01004264,,25.0
E01004266,,28.0
E01004267,,21.0
E01004268,,12.0
E01004269,,52.0
E01004270,,69.0
E01004271,,41.0
E01004272,,35.0
E01004273,,47.0
E01004274,,21.0
E01004275,,25.0
E01004276,,22.0
E01004277,,38.0
E01004280,,26.0
E01004281,,28.0
E01004283,,39.0
E01004284,,62.0
E01004285,,43.0
E01004286,,30.0
E01004287,,36.0
E01004288,,27.0
E01004289,,26.0
E01004290,,45.0
E01004291,,26.0
E01004292,,27.0
E01004293,,60.0
E01004294,,129.0
E01004295,,46.0
E01004296,,32.0
E01004297,,32.0
E01004298,,47.0
E01004300,,15.0
E01004301,,37.0
E01004302,,26.0
E01004303,,57.0
E01004304,,66.0
E01004305,,105.0
E01004306,,142.0
E01004307,,200.0
E01004308,,46.0
E01004309,,116.0
E01004310,,145.0
E01004311,,86.0
E01004312,,45.0
E01004313,,70.0
E01004314,,45.0
E01004315,,133.0
E01004316,,52.0
E01004317,,315.0
E01004318,,53.0
E01004319,,87.0
E01004321,,167.0
E01004322,,80.0
E01004323,,60.0
E01004324,,46.0
E01004325,,199.0
E01004326,,63.0
E01004327,,14.0
E01004328,,20.0
E01004329,,15.0
E01004330,,9.0
E01004331,,14.0
E01004332,,18.0
E01004333,,18.0
E01004334,,6.0
E01004335,,7.0
E01004336,,26.0
E01004337,,20.0
E01004338,,25.0
E01004339,,22.0
E01004340,,23.0
E01004341,,10.0
E01004342,,13.0
E01004343,,7.0
E01004344,,10.0
E01004345,,8.0
E01004346,,10.0
E01004347,,18.0
E01004348,,18.0
E01004349,,5.0
E01004350,,3.0
E01004351,,3.0
E01004352,,3.0
E01004353,,4.0
E01004354,,7.0
E01004355,,
E01004356,,3.0
E01004357,,
E01004358,,3.0
E01004359,,1.0
E01004360,,1.0
E01004361,,5.0
E01004362,,17.0
E01004363,,3.0
E01004364,,2.0
E01004365,,4.0
E01004366,,10.0
E01004367,,14.0
E01004368,,9.0
E01004369,,21.0
E01004370,,24.0
E01004371,,20.0
E01004372,,24.0
E01004373,,22.0
E01004374,,22.0
E01004375,,31.0
E01004376,,17.0
E01004377,,4.0
E01004378,,9.0
E01004379,,15.0
E01004380,,4.0
E01004381,,5.0
E01004382,,4.0
E01004383,,3.0
E01004384,,4.0
E01004385,,
E01004386,,
E01004387,,2.0
E01004388,,8.0
E01004389,,3.0
E01004390,,1.0
E01004391,,34.0
E01004392,,22.0
E01004393,,13.0
E01004394,,19.0
E01004395,,20.0
E01004396,,20.0
E01004397,,24.0
E01004398,,6.0
E01004399,,14.0
E01004400,,16.0
E01004401,,40.0
E01004402,,11.0
E01004403,,17.0
E01004404,,20.0
E01004405,,13.0
E01004406,,26.0
E01004407,,4.0
E01004408,,11.0
E01004409,,17.0
E01004410,,13.0
E01004411,,29.0
E01004412,,26.0
E01004413,,5.0
E01004414,,1.0
E01004415,,2.0
E01004416,,4.0
E01004417,,6.0
E01004418,,9.0
E01004419,,5.0
E01004420,,12.0
E01004421,,8.0
E01004422,,42.0
E01004423,,11.0
E01004424,,17.0
E01004425,,24.0
E01004426,,13.0
E01004427,,25.0
E01004428,,9.0
E01004429,,15.0
E01004430,,61.0
E01004432,,34.0
E01004434,,8.0
E01004435,,25.0
E01004436,,20.0
E01004437,,25.0
E01004438,,31.0
E01004439,,20.0
E01004440,,28.0
E01004441,,12.0
E01004442,,14.0
E01004443,,21.0
E01004444,,32.0
E01004445,,13.0
E01004446,,14.0
E01004447,,21.0
E01004448,,21.0
E01004449,,9.0
E01004450,,4.0
E01004451,,2.0
E01004452,,2.0
E01004453,,1.0
E01004454,,5.0
E01004455,,2.0
E01004456,,
E01004457,,13.0
E01004458,,12.0
E01004459,,9.0
E01004460,,19.0
E01004461,,48.0
E01004462,,21.0
E01004463,,20.0
E01004464,,7.0
E01004465,,17.0
E01004466,,15.0
E01004467,,21.0
E01004468,,14.0
E01004469,,2.0
E01004470,,10.0
E01004471,,8.0
E01004472,,28.0
E01004473,,14.0
E01004474,,22.0
E01004475,,24.0
E01004476,,34.0
E01004477,,12.0
E01004478,,16.0
E01004479,,9.0
E01004480,,23.0
E01004481,,21.0
E01004482,,22.0
E01004483,,19.0
E01004484,,30.0
E01004485,,27.0
E01004486,,13.0
E01004487,,20.0
E01004488,,11.0
E01004489,,6.0
E01004490,,19.0
E01004491,,7.0
E01004492,,20.0
E01004493,,31.0
E01004494,,21.0
E01004495,,14.0
E01004496,,34.0
E01004497,,18.0
E01004498,,23.0
E01004499,,30.0
E01004500,,24.0
E01004501,,20.0
E01004502,,22.0
E01004503,,27.0
E01004504,,23.0
E01004505,,10.0
E01004506,,33.0
E01004507,,39.0
E01004508,,37.0
E01004509,,66.0
E01004510,,36.0
E01004511,,36.0
E01004512,,25.0
E01004513,,25.0
E01004514,,30.0
E01004515,,42.0
E01004516,,13.0
E01004517,,16.0
E01004518,,15.0
E01004519,,14.0
E01004520,,10.0
E01004521,,17.0
E01004522,,9.0
E01004523,,13.0
E01004524,,6.0
E01004525,,40.0
E01004526,,28.0
E01004527,,16.0
E01004528,,26.0
E01004529,,22.0
E01004530,,22.0
E01004531,,8.0
E01004532,,7.0
E01004533,,9.0
E01004534,,54.0
E01004535,,13.0
E01004536,,46.0
E01004537,,33.0
E01004538,,40.0
E01004539,,26.0
E01004540,,53.0
E01004541,,36.0
E01004542,,17.0
E01004543,,29.0
E01004544,,11.0
E01004545,,20.0
E01004546,,16.0
E01004547,,13.0
E01004548,,28.0
E01004549,,19.0
E01004550,,7.0
E01004551,,82.0
E01004552,,49.0
E01004553,,41.0
E01004554,,24.0
E01004555,,15.0
E01004556,,20.0
E01004557,,23.0
E01004558,,23.0
E01004559,,17.0
E01004560,,49.0
E01004562,,177.0
E01004563,,38.0
E01004564,,49.0
E01004565,,44.0
E01004566,,37.0
E01004567,,19.0
E01004568,,7.0
E01004569,,5.0
E01004570,,4.0
E01004571,,20.0
E01004572,,11.0
E01004573,,10.0
E01004574,,4.0
E01004575,,14.0
E01004576,,11.0
E01004577,,74.0
E01004579,,49.0
E01004580,,49.0
E01004581,,39.0
E01004582,,54.0
E01004583,,63.0
E01004584,,14.0
E01004585,,44.0
E01004586,,42.0
E01004587,,30.0
E01004588,,47.0
E01004589,,35.0
E01004590,,25.0
E01004591,,33.0
E01004592,,27.0
E01004593,,46.0
E01004594,,33.0
E01004595,,45.0
E01004596,,48.0
E01004597,,22.0
E01004598,,40.0
E01004599,,24.0
E01004600,,48.0
E01004601,,55.0
E01004602,,32.0
E01004604,,16.0
E01004605,,22.0
E01004606,,17.0
E01004607,,19.0
E01004608,,15.0
E01004609,,46.0
E01004610,,34.0
E01004611,,15.0
E01004612,,14.0
E01004613,,18.0
E01004614,,26.0
E01004615,,16.0
E01004616,,14.0
E01004617,,23.0
E01004618,,25.0
E01004619,,14.0
E01004620,,24.0
E01004621,,38.0
E01004622,,17.0
E01004623,,29.0
E01004624,,18.0
E01004625,,12.0
E01004626,,15.0
E01004627,,14.0
E01004628,,26.0
E01004629,,36.0
E01004630,,16.0
E01004631,,26.0
E01004632,,24.0
E01004633,,9.0
E01004634,,19.0
E01004635,,31.0
E01004636,,21.0
E01004637,,30.0
E01004638,,12.0
E01004639,,29.0
E01004640,,15.0
E01004641,,17.0
E01004642,,18.0
E01004643,,24.0
E01004644,,19.0
E01004645,,23.0
E01004646,,26.0
E01004647,,20.0
E01004648,,55.0
E01004649,,13.0
E01004650,,30.0
E01004651,,14.0
E01004652,,65.0
E01004653,,69.0
E01004654,,138.0
E01004656,,138.0
E01004657,,103.0
E01004658,,192.0
E01004659,,132.0
E01004660,,72.0
E01004661,,213.0
E01004662,,161.0
E01004663,,108.0
E01004665,,36.0
E01004666,,29.0
E01004667,,38.0
E01004668,,35.0
E01004669,,51.0
E01004670,,22.0
E01004674,,50.0
E01004675,,82.0
E01004676,,65.0
E01004677,,45.0
E01004678,,75.0
E01004679,,69.0
E01004680,,97.0
E01004681,,186.0
E01004682,,154.0
E01004683,,75.0
E01004684,,110.0
E01004686,,104.0
E01004687,,53.0
E01004688,,96.0
E01004689,,122.0
E01004690,,31.0
E01004691,,50.0
E01004692,,20.0
E01004693,,76.0
E01004694,,146.0
E01004695,,111.0
E01004696,,56.0
E01004697,,110.0
E01004698,,257.0
E01004699,,215.0
E01004700,,112.0
E01004701,,25.0
E01004702,,113.0
E01004703,,70.0
E01004705,,37.0
E01004706,,53.0
E01004707,,38.0
E01004708,,58.0
E01004709,,28.0
E01004710,,34.0
E01004711,,41.0
E01004712,,156.0
E01004713,,86.0
E01004714,,247.0
E01004715,,81.0
E01004716,,56.0
E01004717,,70.0
E01004718,,58.0
E01004719,,17.0
E01004720,,20.0
E01004721,,40.0
E01004722,,31.0
E01004723,,51.0
E01004724,,33.0
E01004725,,37.0
E01004726,,33.0
E01004727,,79.0
E01004728,,34.0
E01004729,,15.0
E01004730,,24.0
E01004731,,123.0
E01004732,,20.0
E01004733,,118.0
E01004734,,418.0
E01004735,,310.0
E01004736,,239.0
E01004737,,9.0
E01004738,,61.0
E01004739,,16.0
E01004740,,41.0
E01004741,,53.0
E01004742,,65.0
E01004743,,36.0
E01004744,,39.0
E01004745,,44.0
E01004746,,36.0
E01004747,,54.0
E01004748,,24.0
E01004749,,170.0
E01004750,,67.0
E01004751,,102.0
E01004752,,59.0
E01004753,,75.0
E01004754,,32.0
E01004755,,39.0
E01004756,,49.0
E01004757,,37.0
E01004760,,69.0
E01004761,,263.0
E01004762,,156.0
E01004763,,496.0
E01004765,,157.0
E01032512,,46.0
E01032513,,27.0
E01032562,,4.0
E01032563,,3.0
E01032564,,9.0
E01032565,,1.0
E01032566,,9.0
E01032567,,10.0
E01032568,,7.0
E01032569,,3.0
E01032570,,
E01032572,,22.0
E01032573,,24.0
E01032574,,10.0
E01032575,,12.0
E01032576,,
E01032577,,4.0
E01032579,,35.0
E01032580,,3.0
E01032581,,10.0
E01032582,,149.0
E01032583,,69.0
E01032584,,32.0
E01032623,,2.0
E01032637,,19.0
E01032638,,15.0
E01032639,,76.0
E01032640,,10.0
E01032646,,79.0
E01032719,,34.0
E01032720,,109.0
E01032722,,105.0
E01032739,,274.0
E01032740,,131.0
E01032741,,26.0
E01032742,,3.0
E01032743,,3.0
E01032744,,1.0
E01032764,,105.0
E01032765,,22.0
E01032766,,118.0
E01032767,,107.0
E01032768,,32.0
E01032769,,35.0
E01032770,,42.0
E01032771,,140.0
E01032772,,99.0
E01032773,,75.0
E01032774,,68.0
E01032775,,14.0
E01032776,,44.0
E01032777,,29.0
E01032778,,62.0
E01032779,,22.0
E01032780,,82.0
E01032781,,26.0
E01032782,,29.0
E01032783,,34.0
E01032784,,29.0
E01032785,,45.0
E01032786,,22.0
E01032787,,43.0
E01032788,,49.0
E01032789,,42.0
E01032790,,21.0
E01032803,,45.0
E01032805,,35.0
E01032834,,12.0
E01033000,,
E01033030,,7.0
E01033081,,18.0
E01033082,,9.0
E01033083,,10.0
E01033084,,5.0
E01033085,,15.0
E01033086,,7.0
E01033093,,57.0
E01033098,,82.0
E01033099,,64.0
E01033100,,48.0
E01033101,,46.0
E01033132,,110.0
E01033133,,45.0
E01033135,,13.0
E01033146,,1.0
E01033148,,2.0
E01033150,,3.0
E01033151,,
E01033153,,20.0
E01033207,,152.0
E01033208,,113.0
E01033320,,14.0
E01033322,,8.0
E01033324,,21.0
E01033325,,42.0
E01033327,,35.0
E01033341,,16.0
E01033424,,103.0
E01033455,,16.0
E01033456,,11.0
E01033457,,22.0
E01033463,,7.0
E01033464,,6.0
E01033485,,34.0
E01033486,,17.0
E01033487,,5.0
E01033488,,55.0
E01033489,,72.0
E01033490,,57.0
E01033491,,65.0
E01033492,,50.0
E01033493,,10.0
E01033494,,26.0
E01033568,,12.0
E01033569,,21.0
E01033570,,30.0
E01033571,,20.0
E01033572,,52.0
E01033573,,45.0
E01033574,,53.0
E01033575,,54.0
E01033576,,98.0
E01033577,,127.0
E01033578,,68.0
E01033579,,58.0
E01033580,,22.0
E01033581,,17.0
E01033582,,20.0
E01033583,,243.0
E01033584,,20.0
E01033585,,67.0
E01033586,,29.0
E01033587,,58.0
E01033588,,9.0
E01033589,,7.0
E01033590,,5.0
E01033591,,7.0
E01033592,,6.0
E01033593,,60.0
E01033594,,208.0
E01033595,,245.0
E01033596,,146.0
E01033597,,18.0
E01033598,,18.0
E01033599,,24.0
E01033600,,29.0
E01033601,,35.0
E01033602,,22.0
E01033603,,58.0
E01033604,,115.0
E01033605,,80.0
E01033606,,26.0
E01033607,,47.0
E01033608,,32.0
E01033698,,21.0
E01033699,,74.0
E01033700,,111.0
E01033701,,39.0
E01033702,,26.0
E01033703,,46.0
E01033704,,141.0
E01033705,,37.0
E01033706,,202.0
E01033707,,55.0
E01033708,,294.0
E01033709,,70.0
E01033710,,23.0
E01033711,,75.0
E01033712,,82.0
E01033713,,55.0
E01033724,,14.0
E01033725,,20.0
E01033726,,26.0
E01033727,,21.0
E01033728,,11.0
E01033729,,1.0
E01033730,,42.0
E01033731,,51.0
E01033732,,15.0
E01033733,,77.0
E01033734,,20.0
E01033735,,24.0
E01033736,,55.0
E01033737,,39.0
E01033738,,28.0
E01033739,,26.0
E01033740,,31.0
E01033741,,36.0
E01033742,,16.0
E01033743,,26.0
E01033744,,26.0
E01033745,,22.0
E01033746,,14.0
