,GSS_CODE,WARD,Airbnb_price,Airbnb_availability_365,Reviews_per_month,Review_scores_value,Airbnb_count,Houseprice_median,Housesales_median,Population,Population_per_hectare,Population_per_square_kilometre
0,E05000026,Abbey,96.0,270.0,0.9,4.9,63,231000.0,96.0,18757.0,146.6536357,14665.36357
1,E05000027,Alibon,96.0,214.0,0.24,4.635,18,295000.0,97.0,11281.0,82.88758266,8288.758266
2,E05000028,Becontree,50.0,269.5,0.45999999999999996,4.715,16,300000.0,132.0,14468.0,112.6791277,11267.91277
3,E05000029,Chadwell Heath,75.0,178.0,0.64,4.73,11,310000.0,115.0,11100.0,32.84023669,3284.023669
4,E05000030,Eastbrook,46.0,125.5,2.09,4.605,8,331500.0,120.0,10789.0,31.23624783,3123.624783
5,E05000031,Eastbury,90.0,137.5,0.685,4.67,16,313500.0,102.0,12130.0,83.94463668,8394.463668
6,E05000032,Gascoigne,106.0,304.0,0.53,4.75,55,269000.0,66.0,18984.0,167.4074074,16740.74074
7,E05000033,Goresbrook,44.5,327.5,0.87,4.635,12,297000.0,97.0,12361.0,96.5703125,9657.03125
8,E05000034,Heath,55.0,248.0,0.7,4.84,25,295000.0,97.0,11663.0,58.16957606,5816.957606
9,E05000035,Longbridge,66.0,88.0,0.5,4.5,13,430000.0,97.0,12062.0,73.54878049,7354.878049
10,E05000036,Mayesbrook,53.5,158.0,2.4699999999999998,4.745,14,295500.0,86.0,11168.0,60.33495408,6033.495408
11,E05000037,Parsloes,46.0,134.0,1.9749999999999999,4.75,6,300000.0,91.0,10116.0,81.38374899,8138.374899
12,E05000038,River,40.0,119.5,0.345,4.83,16,291000.0,113.0,15432.0,43.44594595,4344.594595
13,E05000039,Thames,62.5,222.5,0.45,4.66,48,294995.0,215.0,23903.0,30.31836631,3031.836631
14,E05000040,Valence,87.0,355.0,0.46499999999999997,4.33,10,308000.0,102.0,11571.0,89.48955916,8948.955916
15,E05000041,Village,59.0,136.0,0.6,4.77,21,307000.0,95.0,10880.0,50.8411215,5084.11215
16,E05000042,Whalebone,72.5,120.0,0.19,4.76,14,345000.0,159.0,12672.0,81.54440154,8154.440154
17,E05000043,Brunswick Park,52.0,164.0,0.45,4.78,31,570000.0,160.0,16707.0,52.63705104,5263.705104
18,E05000044,Burnt Oak,114.0,165.0,1.25,4.75,29,375000.0,111.0,20007.0,96.93313953,9693.313953
19,E05000045,Childs Hill,107.0,163.0,1.0,4.7,249,640000.0,149.0,22824.0,73.88798964,7388.798964
20,E05000046,Colindale,125.0,172.5,0.61,4.75,138,415000.0,372.0,35313.0,133.660106,13366.0106
21,E05000047,Coppetts,70.0,167.0,0.69,4.85,57,445000.0,168.0,17455.0,64.17279412,6417.279412
22,E05000048,East Barnet,51.0,235.5,0.325,4.965,16,505725.0,158.0,18193.0,48.48880597,4848.880597
23,E05000049,East Finchley,81.0,267.0,0.22,4.85,65,576500.0,123.0,17033.0,67.48415214,6748.415214
24,E05000050,Edgware,82.0,179.0,0.38,4.83,39,600000.0,181.0,22064.0,39.68345324,3968.345324
25,E05000051,Finchley Church End,123.0,206.0,0.76,4.77,47,625000.0,215.0,16997.0,62.74270949,6274.270949
26,E05000052,Garden Suburb,118.5,179.5,0.6799999999999999,4.79,46,970000.0,189.0,16718.0,35.33713803,3533.713803
27,E05000053,Golders Green,116.5,172.5,0.7,4.75,106,646000.0,97.0,25410.0,85.32572196,8532.572196
28,E05000054,Hale,86.5,248.0,0.5700000000000001,4.695,50,565000.0,127.0,18752.0,34.58502398,3458.502398
29,E05000055,Hendon,100.0,177.5,0.885,4.65,72,497500.0,156.0,19925.0,70.1584507,7015.84507
30,E05000056,High Barnet,114.0,258.0,0.6,4.915,22,500000.0,210.0,16034.0,19.29714767,1929.714767
31,E05000057,Mill Hill,111.5,263.5,0.38,4.79,60,599995.0,332.0,27954.0,29.77948226,2977.948226
32,E05000058,Oakleigh,84.0,237.5,0.7450000000000001,4.73,30,642500.0,176.0,17027.0,51.33252939,5133.252939
33,E05000059,Totteridge,114.0,185.5,0.875,4.8,32,550000.0,274.0,18019.0,20.55086679,2055.086679
34,E05000060,Underhill,90.0,231.0,0.605,4.8100000000000005,26,473500.0,150.0,16572.0,36.4059754,3640.59754
35,E05000061,West Finchley,93.0,204.5,0.865,4.6899999999999995,54,527500.0,142.0,17670.0,81.76770014,8176.770014
36,E05000062,West Hendon,97.0,216.0,0.86,4.69,119,493500.0,121.0,21476.0,62.68534734,6268.534734
37,E05000063,Woodhouse,101.0,200.0,0.5,4.83,43,485000.0,158.0,18771.0,71.86447167,7186.447167
38,E05000064,Barnehurst,80.5,255.0,0.31,4.695,14,330000.0,155.0,11689.0,40.728223,4072.8223
39,E05000065,Belvedere,59.0,256.0,0.58,4.64,25,281500.0,174.0,13727.0,43.42613097,4342.613097
40,E05000066,Blackfen and Lamorbey,125.0,246.0,1.17,4.89,3,390000.0,121.0,10930.0,64.78956728,6478.956728
41,E05000067,Blendon and Penhill,49.0,222.0,0.52,4.84,7,385000.0,146.0,10927.0,52.08293613,5208.293613
42,E05000068,Brampton,33.0,249.0,0.81,4.88,13,425500.0,133.0,11428.0,57.92194627,5792.194627
43,E05000069,Christchurch,52.5,265.5,0.47,4.67,8,379136.0,226.0,13317.0,52.26452119,5226.452119
44,E05000070,Colyers,53.0,331.0,0.43,5.0,11,300000.0,151.0,10988.0,66.95917124,6695.917124
45,E05000071,Crayford,100.0,90.0,0.39,4.54,11,295000.0,192.0,14798.0,37.29334677,3729.334677
46,E05000072,Cray Meadows,102.5,297.0,0.75,3.57,4,340000.0,144.0,12596.0,17.53340757,1753.340757
47,E05000073,Danson Park,50.0,221.0,0.94,4.84,11,375000.0,165.0,11861.0,43.67083947,4367.083947
48,E05000074,East Wickham,44.0,245.0,0.885,4.95,22,380000.0,141.0,12017.0,55.40341171,5540.341171
49,E05000075,Erith,45.5,286.5,0.615,4.705,28,257995.0,225.0,16572.0,34.84440706,3484.440706
50,E05000076,Falconwood and Welling,50.0,237.0,0.51,4.67,11,375000.0,149.0,11567.0,69.47147147,6947.147147
51,E05000077,Lesnes Abbey,100.0,296.5,0.33,4.765,30,375000.0,98.0,13732.0,57.94092827,5794.092827
52,E05000078,Longlands,120.0,122.0,0.21,4.88,5,351000.0,182.0,11149.0,43.01311728,4301.311728
53,E05000079,North End,69.0,280.5,0.6,4.73,32,285000.0,112.0,14280.0,25.10107224,2510.107224
54,E05000080,Northumberland Heath,86.0,304.5,0.725,4.715,8,335000.0,99.0,10682.0,60.58990357,6058.990357
55,E05000081,St. Mary's,70.0,179.5,0.395,4.9,12,427000.0,145.0,12247.0,27.65184014,2765.184014
56,E05000082,St. Michael's,60.0,269.0,0.96,4.97,7,391000.0,143.0,11748.0,81.35734072,8135.734072
57,E05000083,Sidcup,105.0,341.0,0.62,4.81,19,370000.0,193.0,12592.0,46.60251665,4660.251665
58,E05000084,Thamesmead East,60.0,270.0,0.61,4.73,51,260000.0,67.0,13950.0,28.8401902,2884.01902
59,E05000085,Alperton,79.5,77.5,0.61,4.905,24,347500.0,68.0,19927.0,96.82701652,9682.701652
60,E05000086,Barnhill,109.5,185.5,1.3900000000000001,4.675,86,471250.0,78.0,17288.0,58.11092437,5811.092437
61,E05000087,Brondesbury Park,115.0,196.0,0.88,4.66,143,630000.0,94.0,12984.0,75.40069686,7540.069686
62,E05000088,Dollis Hill,98.0,336.0,0.2,4.75,73,422500.0,52.0,14173.0,61.67536989,6167.536989
63,E05000089,Dudden Hill,75.5,229.5,0.8200000000000001,4.779999999999999,76,700000.0,68.0,17988.0,106.9441141,10694.41141
64,E05000090,Fryent,75.0,287.0,1.125,4.805,32,450000.0,77.0,14896.0,56.04213695,5604.213695
65,E05000091,Harlesden,89.0,160.0,1.0,4.67,63,421475.0,56.0,15927.0,142.8430493,14284.30493
66,E05000092,Kensal Green,98.0,131.5,0.94,4.72,130,647500.0,96.0,14873.0,132.676182,13267.6182
67,E05000093,Kenton,62.0,88.0,1.75,4.82,11,610000.0,53.0,13133.0,58.36888889,5836.888889
68,E05000094,Kilburn,120.0,151.0,0.71,4.71,177,599950.0,191.0,18181.0,192.595339,19259.5339
69,E05000095,Mapesbury,70.0,147.5,0.81,4.625,122,540000.0,85.0,15716.0,112.7403156,11274.03156
70,E05000096,Northwick Park,65.5,172.0,0.6399999999999999,4.5600000000000005,32,619000.0,50.0,12108.0,45.29741863,4529.741863
71,E05000097,Preston,81.0,162.0,2.12,4.67,33,462500.0,74.0,16027.0,66.91858038,6691.858038
72,E05000098,Queens Park,139.0,152.5,0.68,4.78,178,972250.0,128.0,15323.0,102.9079919,10290.79919
73,E05000099,Queensbury,100.0,177.0,0.59,4.75,29,485000.0,67.0,19567.0,95.44878049,9544.878049
74,E05000100,Stonebridge,87.0,170.0,0.72,4.75,41,437500.0,92.0,22057.0,54.3945746,5439.45746
75,E05000101,Sudbury,138.0,159.0,2.07,4.75,33,385500.0,124.0,16160.0,75.8685446,7586.85446
76,E05000102,Tokyngton,137.0,156.0,1.71,4.73,173,427200.0,325.0,27645.0,100.0180897,10001.80897
77,E05000103,Welsh Harp,90.0,199.0,0.51,4.69,33,411000.0,70.0,13763.0,59.52854671,5952.854671
78,E05000104,Wembley Central,98.0,169.0,0.95,4.78,57,385000.0,43.0,19385.0,120.9295072,12092.95072
79,E05000105,Willesden Green,64.0,159.5,0.76,4.715,110,457600.0,88.0,16009.0,103.4841629,10348.41629
80,E05000106,Bickley,142.5,215.5,0.22,4.78,16,633750.0,198.0,17150.0,35.22283837,3522.283837
81,E05000107,Biggin Hill,43.5,359.0,0.47,4.885,6,375000.0,169.0,10786.0,13.02342429,1302.342429
82,E05000108,Bromley Common and Keston,120.0,231.0,0.76,4.89,15,442000.0,251.0,17775.0,21.36161519,2136.161519
83,E05000109,Bromley Town,99.0,234.5,0.83,4.805,46,429975.0,306.0,22719.0,61.10543303,6110.543303
84,E05000110,Chelsfield and Pratts Bottom,69.0,309.0,0.69,4.83,21,480000.0,211.0,15707.0,12.50358223,1250.358223
85,E05000111,Chislehurst,117.0,234.0,0.635,4.79,18,545000.0,239.0,17097.0,16.36233132,1636.233132
86,E05000112,Clock House,98.0,186.0,0.495,4.945,32,435000.0,289.0,17387.0,76.72992056,7672.992056
87,E05000113,Copers Cope,110.0,171.0,0.71,4.81,33,390000.0,346.0,17453.0,53.11320755,5311.320755
88,E05000114,Cray Valley East,83.0,249.0,0.54,4.77,17,325000.0,245.0,16912.0,12.72727273,1272.727273
89,E05000115,Cray Valley West,63.0,269.0,0.47,4.77,15,335000.0,156.0,17873.0,45.38598273,4538.598273
90,E05000116,Crystal Palace,89.0,137.0,0.59,4.8,71,357000.0,181.0,14249.0,62.14129961,6214.129961
91,E05000117,Darwin,232.0,266.0,0.88,4.77,7,523500.0,63.0,5503.0,1.895298777,189.5298777
92,E05000118,Farnborough and Crofton,53.0,90.0,1.21,4.92,5,500000.0,228.0,15680.0,22.41601144,2241.601144
93,E05000119,Hayes and Coney Hall,64.5,145.5,1.025,4.890000000000001,12,520000.0,220.0,17433.0,16.11629842,1611.629842
94,E05000120,Kelsey and Eden Park,100.0,247.0,0.46,4.83,13,510000.0,201.0,18137.0,34.87884615,3487.884615
95,E05000121,Mottingham and Chislehurst North,95.0,157.0,0.46,4.88,17,336500.0,139.0,10525.0,42.97672519,4297.672519
96,E05000122,Orpington,84.5,77.5,0.915,5.0,26,394500.0,244.0,16442.0,38.6325188,3863.25188
97,E05000123,Penge and Cator,92.0,172.0,1.0,4.72,55,430000.0,237.0,18767.0,63.46635103,6346.635103
98,E05000124,Petts Wood and Knoll,70.5,127.0,0.44999999999999996,4.845000000000001,10,600000.0,173.0,15908.0,36.9781497,3697.81497
99,E05000125,Plaistow and Sundridge,55.5,268.0,0.71,4.720000000000001,38,395000.0,249.0,17137.0,42.91760581,4291.760581
100,E05000126,Shortlands,92.0,267.5,0.24,4.890000000000001,12,637500.0,138.0,10687.0,43.51384365,4351.384365
101,E05000127,West Wickham,50.0,177.0,0.71,4.8,9,587500.0,180.0,16130.0,36.55109903,3655.109903
102,E05000128,Belsize,160.0,199.5,0.605,4.695,128,980000.0,109.0,14397.0,184.5769231,18457.69231
103,E05000129,Bloomsbury,174.5,182.0,1.11,4.56,390,608750.0,74.0,12256.0,120.0391773,12003.91773
104,E05000130,Camden Town with Primrose Hill,161.0,164.5,1.0550000000000002,4.705,288,970000.0,124.0,15733.0,134.9313894,13493.13894
105,E05000131,Cantelowes,139.0,152.0,1.04,4.73,137,719870.0,178.0,14332.0,189.0765172,18907.65172
106,E05000132,Fortune Green,95.0,162.5,0.63,4.73,70,642500.0,108.0,13780.0,137.1144279,13711.44279
107,E05000133,Frognal and Fitzjohns,150.0,163.0,0.635,4.73,128,1300000.0,140.0,14144.0,92.26353555,9226.353555
108,E05000134,Gospel Oak,145.0,90.0,1.0,4.745,58,700000.0,131.0,12994.0,188.0463097,18804.63097
109,E05000135,Hampstead Town,195.0,212.0,0.74,4.73,103,1300000.0,117.0,12401.0,50.61632653,5061.632653
110,E05000136,Haverstock,156.0,126.0,1.0,4.7,130,697500.0,80.0,14172.0,193.6065574,19360.65574
111,E05000137,Highgate,145.0,165.0,0.7,4.84,55,710000.0,107.0,11913.0,36.7458359,3674.58359
112,E05000138,Holborn and Covent Garden,219.5,190.5,0.875,4.6,540,900000.0,83.0,15836.0,131.856786,13185.6786
113,E05000139,Kentish Town,113.0,84.0,1.08,4.78,93,657000.0,142.0,16458.0,160.0972763,16009.72763
114,E05000140,Kilburn,100.0,135.0,1.025,4.68,154,535000.0,90.0,14229.0,207.4198251,20741.98251
115,E05000141,King's Cross,121.0,189.0,1.17,4.5,355,892994.0,77.0,13351.0,218.8688525,21886.88525
116,E05000142,Regent's Park,125.0,215.0,1.61,4.45,345,632500.0,66.0,15260.0,113.037037,11303.7037
117,E05000143,St. Pancras and Somers Town,137.5,133.0,1.29,4.59,292,753300.0,131.0,22023.0,157.3071429,15730.71429
118,E05000144,Swiss Cottage,150.0,160.0,0.97,4.69,153,802500.0,132.0,15199.0,120.9148767,12091.48767
119,E05000145,West Hampstead,116.0,144.0,0.64,4.6,125,744800.0,239.0,15072.0,169.9210823,16992.10823
120,E05000146,Addiscombe,76.0,229.0,1.4,4.79,79,369995.0,381.0,18982.0,119.0094044,11900.94044
121,E05000147,Ashburton,49.0,330.0,0.8,4.83,19,430000.0,128.0,14839.0,54.67575534,5467.575534
122,E05000148,Bensham Manor,40.0,295.0,0.46,4.86,35,340000.0,129.0,17831.0,123.3125864,12331.25864
123,E05000149,Broad Green,69.0,240.0,0.54,4.42,61,295500.0,184.0,24921.0,93.44206974,9344.206974
124,E05000150,Coulsdon East,50.5,185.5,1.4100000000000001,4.855,14,442500.0,167.0,12657.0,16.34637737,1634.637737
125,E05000151,Coulsdon West,170.0,268.0,0.5,4.6899999999999995,16,539995.0,261.0,17862.0,35.75975976,3575.975976
126,E05000152,Croham,55.0,247.0,1.03,4.85,37,350000.0,275.0,17539.0,49.78427477,4978.427477
127,E05000153,Fairfield,107.0,250.0,0.69,4.67,121,339000.0,587.0,34791.0,92.4063745,9240.63745
128,E05000154,Fieldway,55.0,363.0,0.08,4.67,3,294500.0,42.0,12215.0,82.25589226,8225.589226
129,E05000155,Heathfield,59.5,313.0,0.575,4.75,8,328500.0,194.0,13372.0,15.35246843,1535.246843
130,E05000156,Kenley,109.5,186.0,0.36,4.9,8,430000.0,192.0,16009.0,24.78173375,2478.173375
131,E05000157,New Addington,44.0,289.0,0.71,4.82,5,325000.0,55.0,12087.0,49.78171334,4978.171334
132,E05000158,Norbury,65.0,274.0,0.58,4.68,51,428000.0,133.0,18468.0,73.28571429,7328.571429
133,E05000159,Purley,95.0,266.0,0.845,4.8100000000000005,26,436350.0,212.0,17084.0,40.93937215,4093.937215
134,E05000160,Sanderstead,62.0,269.0,1.0,4.87,5,525000.0,173.0,13145.0,20.71383549,2071.383549
135,E05000161,Selhurst,70.0,231.0,0.7,4.73,47,300000.0,191.0,19554.0,85.87615283,8587.615283
136,E05000162,Selsdon and Ballards,67.0,269.0,1.0,4.8,17,451500.0,136.0,12657.0,19.75803934,1975.803934
137,E05000163,Shirley,52.0,247.5,0.77,4.855,12,450000.0,146.0,14293.0,51.04642857,5104.642857
138,E05000164,South Norwood,85.0,175.0,0.78,4.72,55,320000.0,265.0,17583.0,73.84712306,7384.712306
139,E05000165,Thornton Heath,40.5,250.5,0.575,4.75,76,340000.0,193.0,17764.0,105.6751933,10567.51933
140,E05000166,Upper Norwood,66.0,178.0,0.515,4.8,62,414075.0,178.0,17006.0,64.90839695,6490.839695
141,E05000167,Waddon,80.0,239.5,0.645,4.83,32,315000.0,185.0,18824.0,51.65751921,5165.751921
142,E05000168,West Thornton,65.0,269.0,0.26,4.6,25,330000.0,111.0,19801.0,100.3090172,10030.90172
143,E05000169,Woodside,65.5,187.5,0.56,4.76,60,370000.0,207.0,17299.0,79.82925704,7982.925704
144,E05000170,Acton Central,82.0,257.0,0.79,4.67,149,557000.0,119.0,16933.0,95.3971831,9539.71831
145,E05000171,Cleveland,85.0,167.5,0.785,4.8149999999999995,48,720000.0,109.0,16215.0,72.64784946,7264.784946
146,E05000172,Dormers Wells,47.0,231.0,2.44,4.51,7,301000.0,41.0,15344.0,67.92386012,6792.386012
147,E05000173,Ealing Broadway,119.5,194.0,0.85,4.6850000000000005,90,650000.0,184.0,17452.0,93.97953689,9397.953689
148,E05000174,Ealing Common,110.0,203.0,0.6950000000000001,4.76,86,542500.0,84.0,14332.0,66.97196262,6697.196262
149,E05000175,East Acton,102.5,208.0,0.62,4.69,204,476500.0,178.0,30612.0,71.65730337,7165.730337
150,E05000176,Elthorne,93.0,161.0,0.88,4.84,55,535000.0,140.0,17852.0,89.26,8926.0
151,E05000177,Greenford Broadway,69.0,162.5,0.46,4.8149999999999995,20,308475.0,118.0,18750.0,74.34575734,7434.575734
152,E05000178,Greenford Green,52.5,151.0,0.9299999999999999,4.82,36,459950.0,93.0,20130.0,59.53859805,5953.859805
153,E05000179,Hanger Hill,83.5,203.0,1.02,4.58,60,611250.0,134.0,16030.0,48.96151497,4896.151497
154,E05000180,Hobbayne,80.0,163.0,0.78,4.78,43,500000.0,98.0,14500.0,65.67028986,6567.028986
155,E05000181,Lady Margaret,65.0,270.0,0.52,4.82,13,408500.0,48.0,13982.0,90.85120208,9085.120208
156,E05000182,Northfield,122.0,177.0,0.97,4.9,36,723750.0,142.0,14147.0,92.16286645,9216.286645
157,E05000183,North Greenford,60.0,169.0,1.1,4.85,9,433750.0,82.0,15454.0,47.58004926,4758.004926
158,E05000184,Northolt Mandeville,72.0,253.5,0.87,4.84,12,395000.0,135.0,15785.0,57.35828488,5735.828488
159,E05000185,Northolt West End,46.5,254.5,0.53,4.715,16,310000.0,103.0,14313.0,40.3410372,4034.10372
160,E05000186,Norwood Green,84.5,232.5,0.425,4.825,26,415000.0,93.0,19109.0,50.36636795,5036.636795
161,E05000187,Perivale,65.0,129.5,1.05,4.79,34,460000.0,93.0,16058.0,47.72065379,4772.065379
162,E05000188,South Acton,99.0,243.5,0.84,4.77,136,590000.0,177.0,19390.0,112.7981385,11279.81385
163,E05000189,Southall Broadway,90.0,311.0,1.15,4.66,11,390000.0,23.0,19818.0,122.1824908,12218.24908
164,E05000190,Southall Green,64.0,186.0,0.33499999999999996,4.8149999999999995,8,350000.0,51.0,19383.0,122.2902208,12229.02208
165,E05000191,Southfield,117.0,207.0,0.7,4.75,75,735000.0,151.0,13983.0,97.44250871,9744.250871
166,E05000192,Walpole,120.0,156.0,0.65,4.62,59,740000.0,131.0,13863.0,94.56343793,9456.343793
167,E05000193,Bowes,70.0,180.0,0.57,4.87,57,495000.0,101.0,15216.0,102.4646465,10246.46465
168,E05000194,Bush Hill Park,69.0,229.0,0.79,4.75,11,518750.0,146.0,15099.0,59.77434679,5977.434679
169,E05000195,Chase,95.0,237.0,1.3599999999999999,4.85,10,405000.0,124.0,14606.0,8.620160529,862.0160529
170,E05000196,Cockfosters,100.0,303.0,0.34,4.8,25,535000.0,243.0,17317.0,16.6397617,1663.97617
171,E05000197,Edmonton Green,107.5,191.0,0.675,4.795,26,274000.0,73.0,19329.0,61.77372963,6177.372963
172,E05000198,Enfield Highway,95.0,258.0,0.68,4.89,21,337000.0,75.0,16980.0,36.6027161,3660.27161
173,E05000199,Enfield Lock,111.0,261.0,0.64,4.77,14,282500.0,146.0,18469.0,56.81021224,5681.021224
174,E05000200,Grange,150.0,339.0,0.39,4.6,31,603000.0,148.0,14846.0,45.1795496,4517.95496
175,E05000201,Haselbury,50.0,94.0,1.57,4.85,17,358500.0,97.0,17639.0,98.15804118,9815.804118
176,E05000202,Highlands,91.0,180.0,0.96,4.83,15,448500.0,178.0,15527.0,30.51690252,3051.690252
177,E05000203,Jubilee,31.0,127.0,0.93,4.74,17,355000.0,121.0,14783.0,37.7309852,3773.09852
178,E05000204,Lower Edmonton,40.0,240.0,0.93,4.73,15,347500.0,81.0,17869.0,82.15632184,8215.632184
179,E05000205,Palmers Green,81.5,177.0,0.98,4.775,34,500000.0,123.0,16682.0,85.94538897,8594.538897
180,E05000206,Ponders End,60.0,253.0,1.22,4.83,32,350000.0,98.0,18104.0,51.06911142,5106.911142
181,E05000207,Southbury,89.0,281.0,0.64,4.5,21,380000.0,123.0,16199.0,56.56075419,5656.075419
182,E05000208,Southgate,60.0,224.5,0.675,4.84,34,425000.0,133.0,16359.0,60.79152731,6079.152731
183,E05000209,Southgate Green,87.5,220.5,0.655,4.925,26,670000.0,101.0,16827.0,64.29881544,6429.881544
184,E05000210,Town,92.0,307.0,0.3,4.83,19,488000.0,173.0,16182.0,72.46753247,7246.753247
185,E05000211,Turkey Street,168.0,261.0,1.1,4.67,9,360000.0,107.0,15580.0,69.02968542,6902.968542
186,E05000212,Upper Edmonton,102.5,165.5,1.7149999999999999,4.885,16,355000.0,73.0,26842.0,101.2523576,10125.23576
187,E05000213,Winchmore Hill,97.0,106.0,0.66,4.93,14,561750.0,148.0,14753.0,53.51106275,5351.106275
188,E05000214,Abbey Wood,77.5,268.5,0.405,4.645,58,356000.0,101.0,16051.0,60.50131926,6050.131926
189,E05000215,Blackheath Westcombe,121.0,173.0,0.73,4.83,79,522500.0,169.0,13367.0,62.52104771,6252.104771
190,E05000216,Charlton,118.5,198.5,1.03,4.8149999999999995,46,511250.0,100.0,15142.0,74.44444444,7444.444444
191,E05000217,Coldharbour and New Eltham,57.5,258.5,0.675,4.93,12,404000.0,148.0,13679.0,53.66418203,5366.418203
192,E05000218,Eltham North,55.0,262.0,0.94,4.84,21,466500.0,176.0,12608.0,49.44313725,4944.313725
193,E05000219,Eltham South,110.0,138.0,0.56,4.82,17,375000.0,165.0,13069.0,28.24508321,2824.508321
194,E05000220,Eltham West,100.0,269.0,0.38,5.0,39,400000.0,136.0,18050.0,74.40230833,7440.230833
195,E05000221,Glyndon,104.0,228.0,0.68,4.73,59,317000.0,127.0,19933.0,116.9776995,11697.76995
196,E05000222,Greenwich West,110.0,158.0,1.0,4.795,116,500000.0,349.0,21797.0,77.92992492,7792.992492
197,E05000223,Kidbrooke with Hornfair,70.0,198.0,0.43,4.75,39,383500.0,128.0,14598.0,61.38772077,6138.772077
198,E05000224,Middle Park and Sutcliffe,90.0,258.0,0.89,4.74,23,380500.0,138.0,13446.0,40.94397077,4094.397077
199,E05000225,Peninsula,145.0,178.0,0.89,4.75,213,530000.0,669.0,29691.0,66.24497992,6624.497992
200,E05000226,Plumstead,39.0,144.0,0.39,4.67,51,338000.0,129.0,17898.0,76.12930668,7612.930668
201,E05000227,Shooters Hill,90.0,288.0,0.39,4.88,27,400500.0,132.0,12996.0,34.38095238,3438.095238
202,E05000228,Thamesmead Moorings,97.0,262.0,0.47,4.71,93,276500.0,122.0,22542.0,46.85512367,4685.512367
203,E05000229,Woolwich Common,81.0,214.0,0.48,4.73,67,370000.0,157.0,22304.0,85.12977099,8512.977099
204,E05000230,Woolwich Riverside,120.0,235.5,0.605,4.71,146,410000.0,359.0,29329.0,91.79655712,9179.655712
205,E05000250,Addison,135.0,186.0,0.85,4.67,149,616800.0,103.0,12071.0,218.2820976,21828.20976
206,E05000251,Askew,112.0,199.0,0.86,4.75,101,576000.0,136.0,15006.0,197.7075099,19770.75099
207,E05000252,Avonmore and Brook Green,145.0,155.0,1.07,4.77,127,610000.0,91.0,12114.0,135.3519553,13535.19553
208,E05000253,College Park and Old Oak,117.5,182.0,0.965,4.74,90,530000.0,40.0,16415.0,47.71802326,4771.802326
209,E05000254,Fulham Broadway,136.0,173.0,0.79,4.67,169,790375.0,220.0,12697.0,190.3598201,19035.98201
210,E05000255,Fulham Reach,136.0,166.0,0.68,4.69,107,930000.0,193.0,12802.0,145.1473923,14514.73923
211,E05000256,Hammersmith Broadway,142.0,151.0,0.78,4.67,159,824995.0,219.0,17704.0,160.3623188,16036.23188
212,E05000257,Munster,155.0,163.0,0.92,4.745,134,850000.0,139.0,11217.0,180.0481541,18004.81541
213,E05000258,North End,133.5,140.0,1.145,4.67,206,575000.0,89.0,13158.0,206.2382445,20623.82445
214,E05000259,Palace Riverside,155.0,205.5,0.41,4.78,62,1017500.0,72.0,7501.0,50.64821067,5064.821067
215,E05000260,Parsons Green and Walham,195.0,178.0,0.75,4.745,108,1082500.0,124.0,11501.0,128.0734967,12807.34967
216,E05000261,Ravenscourt Park,119.0,161.5,0.76,4.805,82,901250.0,138.0,10999.0,90.1557377,9015.57377
217,E05000262,Sands End,180.0,177.0,0.86,4.73,185,877475.0,184.0,15921.0,115.620915,11562.0915
218,E05000263,Shepherd's Bush Green,110.0,181.5,0.915,4.69,230,565000.0,81.0,17717.0,166.0449859,16604.49859
219,E05000264,Town,175.0,164.5,0.785,4.705,114,839250.0,116.0,11428.0,175.8153846,17581.53846
220,E05000265,Wormholt and White City,93.5,90.0,0.875,4.745,68,530000.0,71.0,13645.0,150.9402655,15094.02655
221,E05000266,Alexandra,135.0,166.0,0.55,4.83,41,936057.0,112.0,12452.0,47.6540375,4765.40375
222,E05000267,Bounds Green,69.5,161.5,0.835,4.835,50,500000.0,85.0,14824.0,107.1098266,10710.98266
223,E05000268,Bruce Grove,63.0,89.0,0.725,4.8149999999999995,50,498750.0,89.0,15348.0,164.8549946,16485.49946
224,E05000269,Crouch End,115.0,160.5,0.77,4.81,70,683000.0,132.0,13582.0,94.31944444,9431.944444
225,E05000270,Fortis Green,109.0,161.5,0.64,4.865,52,694500.0,134.0,13729.0,68.85155466,6885.155466
226,E05000271,Harringay,100.0,176.5,0.84,4.71,104,625000.0,107.0,15173.0,97.13828425,9713.828425
227,E05000272,Highgate,110.0,173.0,0.62,4.75,63,762498.0,150.0,12865.0,51.48059224,5148.059224
228,E05000273,Hornsey,105.0,143.0,1.08,4.83,45,530000.0,149.0,13961.0,132.3317536,13233.17536
229,E05000274,Muswell Hill,115.0,151.0,0.84,4.89,45,884206.0,161.0,12715.0,76.96731235,7696.731235
230,E05000275,Noel Park,91.0,168.0,0.82,4.75,81,450000.0,61.0,19468.0,158.2764228,15827.64228
231,E05000276,Northumberland Park,122.0,246.0,0.97,4.8,33,300250.0,46.0,19892.0,105.6399363,10563.99363
232,E05000277,St. Ann's,90.0,197.0,0.73,4.75,65,502000.0,101.0,15996.0,145.8158614,14581.58614
233,E05000278,Seven Sisters,83.0,233.5,1.25,4.74,58,525000.0,56.0,18953.0,146.6950464,14669.50464
234,E05000279,Stroud Green,105.0,120.0,0.6,4.87,63,578750.0,120.0,12347.0,112.7579909,11275.79909
235,E05000280,Tottenham Green,75.0,172.0,1.05,4.64,145,390000.0,85.0,18501.0,135.9368112,13593.68112
236,E05000281,Tottenham Hale,98.5,157.0,1.045,4.78,56,389995.0,81.0,22610.0,118.3150183,11831.50183
237,E05000282,West Green,101.0,124.5,0.865,4.845000000000001,48,465000.0,67.0,14667.0,104.9141631,10491.41631
238,E05000283,White Hart Lane,105.5,269.5,1.04,4.785,36,406650.0,51.0,13082.0,77.08898055,7708.898055
239,E05000284,Woodside,90.0,182.0,0.63,4.86,51,440000.0,101.0,16407.0,109.9664879,10996.64879
240,E05000285,Belmont,95.0,336.0,0.78,4.67,11,580000.0,80.0,11589.0,65.14333895,6514.333895
241,E05000286,Canons,68.0,264.5,0.7050000000000001,4.8100000000000005,16,521250.0,190.0,15942.0,28.31113479,2831.113479
242,E05000287,Edgware,41.5,341.5,0.6,4.55,18,455000.0,65.0,14093.0,100.592434,10059.2434
243,E05000288,Greenhill,89.5,210.5,0.83,4.75,90,400000.0,182.0,18873.0,108.0309101,10803.09101
244,E05000289,Harrow on the Hill,91.5,285.5,1.005,4.86,24,458500.0,99.0,13288.0,37.16923077,3716.923077
245,E05000290,Harrow Weald,126.5,217.0,0.42,4.84,6,483500.0,72.0,11979.0,26.1037263,2610.37263
246,E05000291,Hatch End,51.0,365.0,0.06,3.25,1,618000.0,95.0,11256.0,34.30661384,3430.661384
247,E05000292,Headstone North,70.0,162.0,0.42,4.8,13,600000.0,127.0,11844.0,35.94537178,3594.537178
248,E05000293,Headstone South,72.0,252.0,1.1,4.73,11,422300.0,89.0,12368.0,84.59644323,8459.644323
249,E05000294,Kenton East,120.0,310.0,0.24,4.67,5,474000.0,47.0,11078.0,86.47931304,8647.931304
250,E05000295,Kenton West,103.5,170.5,0.25,4.82,6,595000.0,50.0,11827.0,67.00849858,6700.849858
251,E05000296,Marlborough,52.0,180.0,0.93,4.88,25,370000.0,81.0,16399.0,99.62940462,9962.940462
252,E05000297,Pinner,180.0,88.0,0.5,4.84,7,600000.0,103.0,10475.0,32.03363914,3203.363914
253,E05000298,Pinner South,62.0,181.0,0.915,4.855,16,650000.0,124.0,11272.0,47.90480238,4790.480238
254,E05000299,Queensbury,77.0,268.0,0.75,4.88,13,475000.0,59.0,12494.0,77.45815251,7745.815251
255,E05000300,Rayners Lane,65.0,324.5,0.765,4.8100000000000005,20,475000.0,75.0,11772.0,76.94117647,7694.117647
256,E05000301,Roxbourne,101.5,337.5,0.6,4.695,24,365000.0,106.0,13331.0,88.51925631,8851.925631
257,E05000302,Roxeth,64.0,153.0,0.63,4.56,11,446000.0,56.0,11732.0,74.44162437,7444.162437
258,E05000303,Stanmore Park,115.0,343.0,0.7,4.63,13,615000.0,92.0,12414.0,27.85906643,2785.906643
259,E05000304,Wealdstone,45.0,206.5,0.545,4.6899999999999995,10,437500.0,62.0,13030.0,109.2204526,10922.04526
260,E05000305,West Harrow,71.5,155.0,1.675,4.82,14,515000.0,92.0,11393.0,74.90466798,7490.466798
261,E05000306,Brooklands,69.0,321.0,0.575,4.67,36,340000.0,239.0,21474.0,51.11640086,5111.640086
262,E05000307,Cranham,106.0,255.0,1.65,4.43,3,432250.0,156.0,13603.0,20.74893228,2074.893228
263,E05000308,Elm Park,108.0,334.5,0.29000000000000004,4.6899999999999995,18,341000.0,171.0,14522.0,39.60185438,3960.185438
264,E05000309,Emerson Park,70.0,333.5,0.48,4.82,8,550000.0,172.0,12642.0,27.25156284,2725.156284
265,E05000310,Gooshays,85.0,294.0,0.18,4.67,16,304000.0,171.0,16915.0,21.79487179,2179.487179
266,E05000311,Hacton,42.5,88.0,0.56,4.835,6,416250.0,160.0,13778.0,55.9853718,5598.53718
267,E05000312,Harold Wood,170.0,257.0,0.49,4.56,11,359000.0,310.0,16116.0,21.2164297,2121.64297
268,E05000313,Havering Park,100.0,331.0,0.52,4.91,9,350000.0,175.0,13970.0,14.27257867,1427.257867
269,E05000314,Heaton,91.0,206.5,0.5499999999999999,4.805,18,295000.0,136.0,14487.0,42.42166911,4242.166911
270,E05000315,Hylands,40.0,311.0,0.65,4.57,13,393500.0,184.0,14029.0,48.3425224,4834.25224
271,E05000316,Mawneys,36.5,118.5,1.045,4.93,8,348975.0,208.0,14037.0,46.03804526,4603.804526
272,E05000317,Pettits,83.0,189.0,0.45,4.8,11,420000.0,166.0,14136.0,35.76018214,3576.018214
273,E05000318,Rainham and Wennington,159.0,266.0,0.85,4.7,13,320000.0,159.0,13649.0,8.076331361,807.6331361
274,E05000319,Romford Town,125.0,210.0,0.52,4.67,67,282000.0,295.0,23009.0,80.28262387,8028.262387
275,E05000320,St. Andrew's,104.0,289.0,0.625,4.71,10,387500.0,184.0,14998.0,55.81689617,5581.689617
276,E05000321,South Hornchurch,70.0,259.5,0.6799999999999999,4.95,24,319000.0,177.0,20903.0,30.5286987,3052.86987
277,E05000322,Squirrel's Heath,94.0,213.5,0.525,4.98,10,369995.0,239.0,15059.0,56.91232048,5691.232048
278,E05000323,Upminster,81.5,223.0,0.205,4.955,6,537500.0,172.0,14400.0,6.390343481,639.0343481
279,E05000324,Barnhill,77.0,266.0,0.595,4.79,4,367500.0,68.0,13735.0,64.81831052,6481.831052
280,E05000325,Botwell,85.0,177.0,0.99,4.8,29,355000.0,135.0,28207.0,64.51738335,6451.738335
281,E05000326,Brunel,61.5,178.5,0.5,4.58,46,375000.0,109.0,13962.0,42.60604211,4260.604211
282,E05000327,Cavendish,52.5,173.0,0.745,4.895,12,516500.0,144.0,12909.0,64.12816692,6412.816692
283,E05000328,Charville,66.0,331.0,0.5800000000000001,4.859999999999999,10,409000.0,139.0,12756.0,42.9061554,4290.61554
284,E05000329,Eastcote and East Ruislip,50.0,173.0,0.94,4.79,7,615000.0,144.0,15020.0,37.01330705,3701.330705
285,E05000330,Harefield,74.5,208.0,0.705,4.8,8,414000.0,111.0,7660.0,5.031529164,503.1529164
286,E05000331,Heathrow Villages,70.0,343.5,0.49,4.484999999999999,94,320000.0,71.0,13556.0,5.762380446,576.2380446
287,E05000332,Hillingdon East,71.0,219.0,0.89,4.71,9,420000.0,136.0,14000.0,38.95381191,3895.381191
288,E05000333,Ickenham,59.0,180.0,1.31,4.92,7,632500.0,142.0,11115.0,17.90720155,1790.720155
289,E05000334,Manor,140.0,273.5,0.4,4.905,6,477500.0,160.0,12610.0,63.8804458,6388.04458
290,E05000335,Northwood,85.0,179.0,0.66,4.96,11,670000.0,133.0,11572.0,15.62516878,1562.516878
291,E05000336,Northwood Hills,89.0,151.0,0.46,4.85,15,557000.0,137.0,12688.0,38.125,3812.5
292,E05000337,Pinkwell,58.0,291.0,2.0,4.71,29,400000.0,87.0,16170.0,58.92857143,5892.857143
293,E05000338,South Ruislip,75.0,269.0,0.57,4.68,25,412498.0,252.0,13919.0,18.78154095,1878.154095
294,E05000339,Townfield,58.0,179.0,0.61,4.8,31,380000.0,81.0,18820.0,53.80217267,5380.217267
295,E05000340,Uxbridge North,68.5,244.5,0.665,4.85,40,480000.0,183.0,19766.0,42.66350097,4266.350097
296,E05000341,Uxbridge South,100.0,264.0,0.85,4.67,33,327000.0,117.0,16161.0,51.8479307,5184.79307
297,E05000342,West Drayton,60.0,257.5,0.585,4.7,48,358498.0,308.0,18950.0,54.29799427,5429.799427
298,E05000343,West Ruislip,58.0,180.5,0.64,4.93,12,430000.0,230.0,12400.0,28.24601367,2824.601367
299,E05000344,Yeading,58.5,149.0,0.355,4.725,10,370000.0,99.0,14900.0,63.89365352,6389.365352
300,E05000345,Yiewsley,90.0,260.0,0.65,4.78,39,331080.0,131.0,16579.0,41.313232,4131.3232
301,E05000346,Bedfont,80.0,264.0,1.03,4.82,33,352000.0,108.0,13258.0,29.81335732,2981.335732
302,E05000347,Brentford,120.0,184.0,0.84,4.76,125,500000.0,186.0,19796.0,62.11484154,6211.484154
303,E05000348,Chiswick Homefields,131.0,174.5,0.845,4.695,62,918500.0,177.0,11696.0,51.84397163,5184.397163
304,E05000349,Chiswick Riverside,166.0,153.0,0.61,4.82,49,740000.0,123.0,11506.0,55.29072561,5529.072561
305,E05000350,Cranford,66.0,315.5,0.6000000000000001,4.7,16,357000.0,50.0,13166.0,48.35108336,4835.108336
306,E05000351,Feltham North,42.5,319.0,1.1600000000000001,4.755,18,365000.0,78.0,13711.0,40.51713948,4051.713948
307,E05000352,Feltham West,48.0,251.0,1.07,4.87,16,300000.0,162.0,16192.0,50.88623507,5088.623507
308,E05000353,Hanworth,86.5,192.5,0.42,5.0,12,351475.0,84.0,11941.0,36.73023685,3673.023685
309,E05000354,Hanworth Park,61.0,214.0,0.52,4.85,32,329975.0,112.0,12937.0,35.5314474,3553.14474
310,E05000355,Heston Central,55.0,159.0,0.72,4.78,15,337500.0,133.0,13712.0,81.3768546,8137.68546
311,E05000356,Heston East,52.5,284.5,0.5549999999999999,4.675,24,355000.0,63.0,15016.0,74.93013972,7493.013972
312,E05000357,Heston West,50.0,240.5,0.825,4.49,10,387500.0,56.0,12811.0,33.44908616,3344.908616
313,E05000358,Hounslow Central,88.0,177.0,0.65,4.87,37,330000.0,79.0,23786.0,137.016129,13701.6129
314,E05000359,Hounslow Heath,53.5,267.0,1.0350000000000001,4.67,18,317500.0,76.0,16746.0,60.0861141,6008.61141
315,E05000360,Hounslow South,60.0,176.0,1.185,4.82,28,494000.0,99.0,12285.0,68.51645287,6851.645287
316,E05000361,Hounslow West,67.5,178.5,1.1,4.725,20,256000.0,208.0,15960.0,98.45774213,9845.774213
317,E05000362,Isleworth,93.0,174.0,1.0,4.83,31,425000.0,113.0,12788.0,62.96405711,6296.405711
318,E05000363,Osterley and Spring Grove,117.0,238.0,0.61,4.68,52,399501.0,158.0,14196.0,22.4017674,2240.17674
319,E05000364,Syon,70.0,166.0,1.3,4.85,49,430000.0,265.0,19220.0,67.39130435,6739.130435
320,E05000365,Turnham Green,149.0,177.0,0.81,4.77,83,772500.0,115.0,12443.0,70.45866365,7045.866365
321,E05000366,Barnsbury,151.0,154.0,1.24,4.67,154,800625.0,92.0,14146.0,170.4337349,17043.37349
322,E05000367,Bunhill,164.0,153.0,0.97,4.7,307,715000.0,121.0,20693.0,190.0183655,19001.83655
323,E05000368,Caledonian,124.0,158.0,1.24,4.61,313,531000.0,72.0,17009.0,149.4639719,14946.39719
324,E05000369,Canonbury,140.0,157.0,0.81,4.75,103,730500.0,108.0,13488.0,167.1375465,16713.75465
325,E05000370,Clerkenwell,183.0,160.0,0.92,4.67,267,767500.0,81.0,13638.0,145.8609626,14586.09626
326,E05000371,Finsbury Park,105.0,137.0,0.93,4.67,137,490000.0,98.0,17448.0,190.4803493,19048.03493
327,E05000372,Highbury East,143.5,115.0,0.665,4.745,94,730000.0,131.0,14082.0,140.2589641,14025.89641
328,E05000373,Highbury West,110.0,214.0,0.69,4.75,115,598000.0,174.0,19041.0,175.9796673,17597.96673
329,E05000374,Hillrise,105.0,115.0,0.7,4.795,60,516000.0,68.0,13475.0,163.3333333,16333.33333
330,E05000375,Holloway,120.0,214.5,1.01,4.67,134,485000.0,97.0,17217.0,170.6342914,17063.42914
331,E05000376,Junction,130.5,167.0,1.0,4.82,58,512000.0,67.0,13553.0,131.8385214,13183.85214
332,E05000377,Mildmay,130.0,151.0,0.91,4.76,127,527000.0,119.0,14708.0,178.062954,17806.2954
333,E05000378,St. George's,103.0,195.0,0.67,4.75,91,545000.0,91.0,15015.0,177.4822695,17748.22695
334,E05000379,St. Mary's,134.0,144.0,1.01,4.69,135,770000.0,107.0,13729.0,157.986191,15798.6191
335,E05000380,St. Peter's,150.0,130.0,0.94,4.71,151,767500.0,120.0,15898.0,196.2716049,19627.16049
336,E05000381,Tollington,105.0,153.0,0.86,4.72,85,548224.0,103.0,14700.0,173.553719,17355.3719
337,E05000400,Alexandra,200.0,294.0,0.76,4.615,14,553500.0,95.0,11857.0,44.29211804,4429.211804
338,E05000401,Berrylands,102.5,175.5,0.61,4.83,20,505000.0,141.0,11307.0,77.87190083,7787.190083
339,E05000402,Beverley,64.0,258.0,0.5,4.91,27,550000.0,103.0,12175.0,64.7606383,6476.06383
340,E05000403,Canbury,135.5,150.0,0.77,4.7,52,562500.0,174.0,16523.0,133.1426269,13314.26269
341,E05000404,Chessington North and Hook,100.0,310.0,0.28,4.71,5,405000.0,113.0,9440.0,48.9372732,4893.72732
342,E05000405,Chessington South,165.0,302.0,1.26,4.77,11,383750.0,140.0,11223.0,14.86096398,1486.096398
343,E05000406,Coombe Hill,103.0,164.0,0.625,4.865,30,650000.0,97.0,11189.0,25.37188209,2537.188209
344,E05000407,Coombe Vale,52.0,191.0,0.6000000000000001,4.87,12,696500.0,100.0,10731.0,65.15482696,6515.482696
345,E05000408,Grove,105.0,164.0,0.935,4.8,56,525000.0,135.0,14537.0,75.71354167,7571.354167
346,E05000409,Norbiton,78.0,215.0,0.97,4.84,37,450000.0,89.0,12135.0,90.02225519,9002.225519
347,E05000410,Old Malden,74.5,136.5,0.99,4.905,16,503750.0,108.0,11030.0,61.10803324,6110.803324
348,E05000411,St. James,75.0,106.0,0.69,4.8,19,560000.0,67.0,10030.0,46.28518689,4628.518689
349,E05000412,St. Mark's,90.0,127.0,0.72,4.87,37,475000.0,170.0,12575.0,91.3880814,9138.80814
350,E05000413,Surbiton Hill,89.0,224.0,0.69,4.75,21,429250.0,196.0,11725.0,70.46274038,7046.274038
351,E05000414,Tolworth and Hook Rise,51.0,289.0,0.75,4.54,10,441000.0,107.0,12645.0,48.7283237,4872.83237
352,E05000415,Tudor,84.5,245.0,0.515,4.83,18,705000.0,93.0,10152.0,64.13139608,6413.139608
353,E05000416,Bishop's,178.0,183.5,1.18,4.6,222,360000.0,146.0,12321.0,80.31942634,8031.942634
354,E05000417,Brixton Hill,95.0,119.0,0.88,4.8,153,484500.0,166.0,17058.0,151.0894597,15108.94597
355,E05000418,Clapham Common,151.0,167.0,0.87,4.79,65,770000.0,157.0,14852.0,110.5882353,11058.82353
356,E05000419,Clapham Town,130.0,151.0,0.85,4.82,115,585000.0,167.0,15277.0,136.4017857,13640.17857
357,E05000420,Coldharbour,83.0,120.0,1.05,4.72,125,560000.0,95.0,18784.0,155.4966887,15549.66887
358,E05000421,Ferndale,117.0,140.0,0.86,4.75,117,540000.0,208.0,17397.0,203.950762,20395.0762
359,E05000422,Gipsy Hill,100.0,178.5,0.755,4.89,48,441250.0,170.0,14989.0,95.47133758,9547.133758
360,E05000423,Herne Hill,95.0,148.0,0.68,4.77,126,527500.0,165.0,16859.0,82.96751969,8296.751969
361,E05000424,Knight's Hill,64.5,172.0,0.685,4.88,44,490000.0,171.0,15659.0,106.3068568,10630.68568
362,E05000425,Larkhall,105.0,123.0,0.92,4.81,129,513750.0,154.0,19815.0,187.1104816,18711.04816
363,E05000426,Oval,156.0,167.0,1.05,4.74,345,588582.0,396.0,20946.0,164.2823529,16428.23529
364,E05000427,Prince's,124.5,143.5,1.16,4.69,214,635000.0,133.0,17662.0,151.9965577,15199.65577
365,E05000428,St. Leonard's,88.0,171.0,0.81,4.81,85,436250.0,206.0,16519.0,114.0027605,11400.27605
366,E05000429,Stockwell,104.0,153.0,1.225,4.75,162,465000.0,117.0,15863.0,182.543153,18254.3153
367,E05000430,Streatham Hill,81.0,143.0,0.82,4.83,85,478400.0,249.0,16183.0,127.1249018,12712.49018
368,E05000431,Streatham South,95.0,164.5,0.6,4.905,32,478000.0,144.0,15123.0,89.06360424,8906.360424
369,E05000432,Streatham Wells,80.0,210.0,0.43,4.83,77,432500.0,206.0,17254.0,118.9110958,11891.10958
370,E05000433,Thornton,98.5,175.0,0.81,4.8149999999999995,58,647500.0,144.0,15823.0,146.1034164,14610.34164
371,E05000434,Thurlow Park,95.0,177.0,0.445,4.83,76,525000.0,153.0,14595.0,96.33663366,9633.663366
372,E05000435,Tulse Hill,109.0,111.0,0.91,4.77,113,515000.0,133.0,16161.0,157.0553936,15705.53936
373,E05000436,Vassall,120.0,141.5,0.895,4.79,102,460000.0,181.0,16960.0,150.2214349,15022.14349
374,E05000437,Bellingham,45.0,246.0,0.65,4.81,41,350000.0,135.0,16237.0,52.63209076,5263.209076
375,E05000438,Blackheath,110.0,90.5,0.875,4.835,52,442500.0,184.0,15908.0,68.77648076,6877.648076
376,E05000439,Brockley,100.0,170.0,0.655,4.805,140,445000.0,197.0,19128.0,113.4519573,11345.19573
377,E05000440,Catford South,57.5,238.0,0.755,4.845000000000001,38,490000.0,139.0,15722.0,84.16488223,8416.488223
378,E05000441,Crofton Park,89.0,156.0,0.6,4.83,59,515000.0,205.0,16047.0,93.24230099,9324.230099
379,E05000442,Downham,65.0,180.0,0.76,4.8,33,335000.0,125.0,15746.0,65.91042277,6591.042277
380,E05000443,Evelyn,109.0,215.0,0.83,4.68,125,523650.0,312.0,27608.0,155.6257046,15562.57046
381,E05000444,Forest Hill,100.0,159.0,0.65,4.805,76,447500.0,177.0,17273.0,94.49124726,9449.124726
382,E05000445,Grove Park,70.0,268.0,0.59,4.69,33,335000.0,167.0,15595.0,65.19648829,6519.648829
383,E05000446,Ladywell,99.5,209.5,0.845,4.8,60,536000.0,128.0,15399.0,95.70540709,9570.540709
384,E05000447,Lee Green,70.0,243.0,0.46499999999999997,4.905,50,525500.0,174.0,16745.0,92.56495301,9256.495301
385,E05000448,Lewisham Central,98.0,156.0,0.6,4.77,95,380000.0,269.0,27359.0,133.0690661,13306.90661
386,E05000449,New Cross,103.0,153.0,0.71,4.75,119,367998.0,154.0,22723.0,125.0577876,12505.77876
387,E05000450,Perry Vale,74.0,232.0,0.73,4.79,51,490000.0,186.0,16707.0,99.21021378,9921.021378
388,E05000451,Rushey Green,100.0,261.0,0.45,4.7,81,427525.0,326.0,18407.0,103.3520494,10335.20494
389,E05000452,Sydenham,85.0,192.0,0.6000000000000001,4.88,64,425000.0,178.0,16859.0,96.61318052,9661.318052
390,E05000453,Telegraph Hill,90.0,150.5,0.8049999999999999,4.8,108,492000.0,137.0,18692.0,121.0621762,12106.21762
391,E05000454,Whitefoot,52.0,209.0,0.585,4.725,40,350000.0,116.0,15578.0,70.04496403,7004.496403
392,E05000455,Abbey,120.0,239.5,0.69,4.6899999999999995,62,535000.0,148.0,11167.0,80.16511127,8016.511127
393,E05000456,Cannon Hill,55.0,248.0,0.85,4.91,31,540000.0,106.0,10002.0,44.97302158,4497.302158
394,E05000457,Colliers Wood,115.0,236.0,0.92,4.8,57,440000.0,140.0,11729.0,105.5715572,10557.15572
395,E05000458,Cricket Green,72.5,202.0,0.74,4.845,24,292527.0,106.0,12966.0,43.26326326,4326.326326
396,E05000459,Dundonald,120.0,182.5,0.5700000000000001,4.855,60,682500.0,169.0,10194.0,88.56646394,8856.646394
397,E05000460,Figge's Marsh,75.0,140.0,0.87,4.9,11,322500.0,74.0,12682.0,110.9536308,11095.36308
398,E05000461,Graveney,63.0,201.0,0.76,4.66,31,490500.0,116.0,10345.0,117.0248869,11702.48869
399,E05000462,Hillside,121.5,183.0,0.49,4.745,72,683250.0,110.0,9421.0,79.56925676,7956.925676
400,E05000463,Lavender Fields,60.0,130.0,0.65,4.89,27,356000.0,91.0,12492.0,105.8644068,10586.44068
401,E05000464,Longthornton,80.0,269.0,0.47,4.86,15,396000.0,109.0,10803.0,72.94395679,7294.395679
402,E05000465,Lower Morden,115.0,236.0,1.06,4.890000000000001,10,420000.0,113.0,8795.0,48.6449115,4864.49115
403,E05000466,Merton Park,110.0,176.5,0.51,4.86,36,542000.0,121.0,11407.0,62.77930655,6277.930655
404,E05000467,Pollards Hill,52.5,188.5,0.37,4.705,10,375500.0,90.0,10631.0,49.24038907,4924.038907
405,E05000468,Ravensbury,73.0,90.0,0.35,4.74,33,360000.0,101.0,11676.0,63.52557127,6352.557127
406,E05000469,Raynes Park,102.5,206.5,0.755,4.795,52,520000.0,127.0,10347.0,55.83917971,5583.917971
407,E05000470,St. Helier,63.5,325.0,0.795,4.824999999999999,18,377500.0,122.0,11890.0,64.54940282,6454.940282
408,E05000471,Trinity,110.5,185.0,0.77,4.86,52,665000.0,141.0,10357.0,96.43389199,9643.389199
409,E05000472,Village,146.0,173.0,0.545,4.83,54,1425000.0,145.0,8487.0,13.64908331,1364.908331
410,E05000473,West Barnes,100.0,202.0,0.815,4.785,32,567500.0,133.0,11188.0,57.34495131,5734.495131
411,E05000474,Wimbledon Park,129.0,144.5,0.76,4.795,72,809000.0,153.0,13839.0,60.16956522,6016.956522
412,E05000475,Beckton,88.5,207.5,0.815,4.735,60,380000.0,214.0,19158.0,30.62340153,3062.340153
413,E05000476,Boleyn,56.5,177.5,0.79,4.380000000000001,22,370000.0,76.0,19423.0,212.0414847,21204.14847
414,E05000477,Canning Town North,93.0,150.5,0.95,4.715,88,331250.0,102.0,21168.0,83.90011891,8390.011891
415,E05000478,Canning Town South,133.5,185.5,0.695,4.78,216,390000.0,518.0,24636.0,135.586131,13558.6131
416,E05000479,Custom House,117.0,179.0,0.97,4.67,75,350000.0,61.0,14017.0,67.94474067,6794.474067
417,E05000480,East Ham Central,62.5,227.5,0.5700000000000001,4.695,26,370000.0,77.0,16765.0,161.3570741,16135.70741
418,E05000481,East Ham North,45.0,296.0,0.26,4.5,7,400000.0,42.0,13747.0,152.0685841,15206.85841
419,E05000482,East Ham South,147.5,174.0,1.0,4.855,18,320000.0,106.0,15656.0,86.401766,8640.1766
420,E05000483,Forest Gate North,68.0,241.0,0.78,4.75,63,405500.0,108.0,15898.0,127.5922953,12759.22953
421,E05000484,Forest Gate South,80.0,183.5,0.95,4.74,70,410000.0,82.0,17902.0,150.1845638,15018.45638
422,E05000485,Green Street East,101.0,82.0,0.99,4.75,11,401625.0,50.0,16772.0,225.7335128,22573.35128
423,E05000486,Green Street West,42.0,160.0,1.68,4.71,31,395000.0,42.0,15816.0,196.4720497,19647.20497
424,E05000487,Little Ilford,44.5,132.5,0.5449999999999999,4.75,16,295000.0,77.0,16885.0,88.91521854,8891.521854
425,E05000488,Manor Park,71.0,129.0,1.0,4.76,17,311500.0,58.0,15080.0,111.7037037,11170.37037
426,E05000489,Plaistow North,52.5,217.0,0.565,4.785,32,323750.0,76.0,15986.0,162.9561672,16295.61672
427,E05000490,Plaistow South,70.0,256.0,0.72,4.86,49,369000.0,112.0,17248.0,124.4444444,12444.44444
428,E05000491,Royal Docks,155.0,201.0,0.91,4.73,155,429175.0,598.0,23514.0,49.05904444,4905.904444
429,E05000492,Stratford and New Town,119.5,157.0,0.84,4.74,244,428000.0,848.0,43759.0,103.2782629,10327.82629
430,E05000493,Wall End,47.5,235.5,1.485,4.605,10,356500.0,52.0,15383.0,111.5518492,11155.18492
431,E05000494,West Ham,62.5,136.0,0.99,4.695,66,350000.0,85.0,15611.0,116.9363296,11693.63296
432,E05000495,Aldborough,50.0,178.0,0.535,4.715,26,400000.0,151.0,17582.0,20.41569902,2041.569902
433,E05000496,Barkingside,80.0,217.0,0.39,4.75,21,485000.0,107.0,14240.0,93.25474787,9325.474787
434,E05000497,Bridge,80.5,140.5,0.61,4.775,10,477500.0,152.0,12342.0,47.85575805,4785.575805
435,E05000498,Chadwell,55.0,243.0,0.78,4.75,23,357500.0,138.0,16653.0,109.993395,10999.3395
436,E05000499,Church End,115.0,143.5,0.55,4.765000000000001,18,441000.0,165.0,13249.0,88.8002681,8880.02681
437,E05000500,Clayhall,58.5,260.0,1.05,4.75,50,522333.0,76.0,13491.0,54.1589723,5415.89723
438,E05000501,Clementswood,35.0,221.0,0.81,4.67,15,327500.0,71.0,22588.0,177.718332,17771.8332
439,E05000502,Cranbrook,73.0,336.0,0.8049999999999999,4.720000000000001,48,500000.0,80.0,13919.0,57.85120532,5785.120532
440,E05000503,Fairlop,45.0,226.0,0.31,4.96,19,415000.0,263.0,14040.0,39.06510851,3906.510851
441,E05000504,Fullwell,47.5,217.0,0.62,5.0,16,428000.0,140.0,13603.0,62.25629291,6225.629291
442,E05000505,Goodmayes,71.0,163.0,0.34,4.71,23,345000.0,84.0,14636.0,88.81067961,8881.067961
443,E05000506,Hainault,75.0,248.0,0.32,4.86,17,350100.0,191.0,13603.0,24.11024459,2411.024459
444,E05000507,Loxford,50.0,260.0,0.7,4.67,33,336000.0,70.0,24077.0,187.0784771,18707.84771
445,E05000508,Mayfield,45.0,268.0,0.67,4.75,21,420000.0,94.0,14321.0,76.01380042,7601.380042
446,E05000509,Monkhams,68.0,174.0,0.48,4.9,11,650000.0,139.0,11433.0,37.1804878,3718.04878
447,E05000510,Newbury,80.0,270.0,0.6699999999999999,4.575,32,435000.0,99.0,19338.0,91.34624469,9134.624469
448,E05000511,Roding,63.0,138.5,0.365,4.85,22,480000.0,131.0,13059.0,55.71245734,5571.245734
449,E05000512,Seven Kings,61.0,268.0,0.67,4.6,21,419000.0,76.0,20328.0,97.63688761,9763.688761
450,E05000513,Snaresbrook,126.0,121.0,0.52,4.88,29,452000.0,146.0,13164.0,66.28398792,6628.398792
451,E05000514,Valentines,113.5,259.0,0.325,4.6850000000000005,36,310000.0,70.0,17966.0,119.6138482,11961.38482
452,E05000515,Wanstead,112.5,188.0,0.555,4.91,26,749213.0,126.0,12438.0,23.92843401,2392.843401
453,E05000516,Barnes,180.5,178.5,0.6,4.83,36,1240000.0,109.0,10417.0,34.60797342,3460.797342
454,E05000517,East Sheen,129.0,221.0,0.54,4.88,41,985000.0,126.0,11772.0,20.1748072,2017.48072
455,E05000518,Fulwell and Hampton Hill,125.0,221.0,0.46,4.81,33,600000.0,166.0,11416.0,59.52033368,5952.033368
456,E05000519,"Ham, Petersham and Richmond Riverside",95.0,126.0,1.025,4.825,34,687500.0,182.0,11303.0,11.9659115,1196.59115
457,E05000520,Hampton,130.0,285.0,0.7,4.83,27,653500.0,136.0,11120.0,16.1698415,1616.98415
458,E05000521,Hampton North,110.0,252.5,0.375,4.8149999999999995,8,430250.0,116.0,9680.0,49.64102564,4964.102564
459,E05000522,Hampton Wick,100.0,196.0,0.815,4.86,36,611250.0,182.0,11661.0,42.46540422,4246.540422
460,E05000523,Heathfield,94.0,258.0,0.64,4.95,10,525000.0,83.0,11350.0,59.36192469,5936.192469
461,E05000524,Kew,118.0,241.0,0.66,4.81,91,689975.0,182.0,12427.0,34.76083916,3476.083916
462,E05000525,Mortlake and Barnes Common,154.0,167.0,0.44,4.84,61,895000.0,159.0,12518.0,64.59236326,6459.236326
463,E05000526,North Richmond,130.0,201.0,0.78,4.825,50,650000.0,171.0,12511.0,44.68214286,4468.214286
464,E05000527,St. Margarets and North Twickenham,116.0,140.0,0.79,4.75,51,730000.0,151.0,13808.0,68.8334995,6883.34995
465,E05000528,South Richmond,200.5,168.5,0.55,4.75,54,727500.0,164.0,11581.0,43.02005944,4302.005944
466,E05000529,South Twickenham,94.5,152.0,1.2349999999999999,4.785,30,577500.0,144.0,10975.0,63.54950782,6354.950782
467,E05000530,Teddington,129.0,216.0,0.7,4.84,29,711500.0,154.0,11691.0,27.21368715,2721.368715
468,E05000531,Twickenham Riverside,139.5,107.0,0.59,4.75,56,617500.0,153.0,11425.0,58.23139653,5823.139653
469,E05000532,West Twickenham,70.0,150.0,1.21,4.89,11,557250.0,160.0,11524.0,46.9218241,4692.18241
470,E05000533,Whitton,92.0,253.0,0.7949999999999999,4.88,30,512500.0,104.0,11144.0,68.66296981,6866.296981
471,E05000534,Brunswick Park,95.0,166.0,0.95,4.7,113,425000.0,150.0,13743.0,146.9839572,14698.39572
472,E05000535,Camberwell Green,90.0,118.5,1.045,4.715,134,450000.0,148.0,16816.0,172.4717949,17247.17949
473,E05000536,Cathedrals,182.0,158.0,1.13,4.71,291,770000.0,248.0,22373.0,126.9030062,12690.30062
474,E05000537,Chaucer,129.0,126.0,1.0,4.65,205,527500.0,111.0,15933.0,193.5965978,19359.65978
475,E05000538,College,99.0,102.0,0.62,4.79,51,450000.0,153.0,12710.0,39.30117502,3930.117502
476,E05000539,East Dulwich,126.5,130.0,0.62,4.8,60,633750.0,194.0,13761.0,135.0441609,13504.41609
477,E05000540,East Walworth,113.0,179.0,1.0550000000000002,4.665,178,517000.0,319.0,16880.0,147.5524476,14755.24476
478,E05000541,Faraday,90.0,182.5,1.16,4.6899999999999995,82,465000.0,63.0,14674.0,167.3204105,16732.04105
479,E05000542,Grange,159.0,178.0,0.92,4.71,225,560001.0,250.0,19402.0,161.0124481,16101.24481
480,E05000543,Livesey,71.0,235.0,0.89,4.67,100,471113.0,172.0,19807.0,137.9317549,13793.17549
481,E05000544,Newington,118.0,105.0,1.16,4.78,153,495000.0,82.0,15731.0,189.0745192,18907.45192
482,E05000545,Nunhead,101.0,149.0,0.59,4.82,71,522500.0,182.0,14824.0,112.1331316,11213.31316
483,E05000546,Peckham,100.0,157.0,0.75,4.74,63,360000.0,87.0,16268.0,186.559633,18655.9633
484,E05000547,Peckham Rye,100.0,226.0,0.74,4.86,69,543750.0,188.0,14499.0,64.35419441,6435.419441
485,E05000548,Riverside,137.0,157.0,1.36,4.72,191,1000000.0,214.0,17618.0,132.2672673,13226.72673
486,E05000549,Rotherhithe,93.5,152.0,1.0,4.71,112,530000.0,113.0,18211.0,122.0576408,12205.76408
487,E05000550,South Bermondsey,118.5,212.5,0.865,4.74,106,380000.0,84.0,15215.0,156.3720452,15637.20452
488,E05000551,South Camberwell,117.0,134.0,0.63,4.79,65,443000.0,151.0,13188.0,99.08339594,9908.339594
489,E05000552,Surrey Docks,100.0,112.0,0.805,4.75,112,560000.0,207.0,17709.0,93.15623356,9315.623356
490,E05000553,The Lane,125.0,168.5,0.61,4.8,98,523500.0,164.0,17077.0,122.8561151,12285.61151
491,E05000554,Village,114.0,126.5,0.62,4.875,60,858500.0,99.0,13006.0,46.64992826,4664.992826
492,E05000555,Beddington North,60.0,343.0,1.2,4.65,9,390000.0,140.0,10888.0,21.86345382,2186.345382
493,E05000556,Beddington South,85.0,323.0,0.39,4.93,5,389500.0,108.0,11312.0,36.95524338,3695.524338
494,E05000557,Belmont,88.0,333.0,0.65,4.87,10,348000.0,153.0,11040.0,47.24005135,4724.005135
495,E05000558,Carshalton Central,112.0,171.0,0.75,4.75,21,403500.0,157.0,11677.0,57.60730143,5760.730143
496,E05000559,Carshalton South and Clockhouse,80.5,261.0,1.295,4.74,12,475000.0,123.0,11080.0,15.70294785,1570.294785
497,E05000560,Cheam,73.0,321.0,2.11,4.6,21,537975.0,116.0,11590.0,29.43118334,2943.118334
498,E05000561,Nonsuch,69.5,63.5,0.48,4.85,10,500000.0,153.0,11831.0,62.07240294,6207.240294
499,E05000562,St. Helier,60.0,339.0,1.04,4.81,5,331000.0,111.0,12589.0,83.92666667,8392.666667
500,E05000563,Stonecot,61.0,93.0,0.38,4.97,7,439000.0,128.0,11439.0,57.74356386,5774.356386
501,E05000564,Sutton Central,99.5,143.5,0.625,4.67,26,335500.0,330.0,14750.0,112.5954198,11259.54198
502,E05000565,Sutton North,51.0,167.0,1.0,4.83,19,395000.0,145.0,12784.0,68.18133333,6818.133333
503,E05000566,Sutton South,68.0,153.0,0.44,4.73,21,310000.0,167.0,10693.0,84.06446541,8406.446541
504,E05000567,Sutton West,92.5,155.0,0.7849999999999999,4.675,12,340000.0,171.0,11924.0,67.02641934,6702.641934
505,E05000568,The Wrythe,60.0,113.0,0.41000000000000003,4.68,12,355245.0,209.0,11813.0,79.70985155,7970.985155
506,E05000569,Wallington North,43.0,269.0,0.28,4.8,13,317200.0,173.0,12355.0,76.40692641,7640.692641
507,E05000570,Wallington South,54.0,134.0,0.32999999999999996,4.654999999999999,10,318000.0,177.0,11594.0,67.44618965,6744.618965
508,E05000571,Wandle Valley,95.0,330.0,0.68,4.8,11,320000.0,146.0,15248.0,74.19951338,7419.951338
509,E05000572,Worcester Park,51.0,130.0,0.87,4.76,17,400000.0,194.0,13613.0,69.56055187,6956.055187
510,E05000590,Cann Hall,131.0,156.0,0.69,4.85,49,445000.0,103.0,14277.0,166.0116279,16601.16279
511,E05000591,Cathall,61.5,164.5,0.88,4.64,72,419000.0,80.0,13961.0,132.0813623,13208.13623
512,E05000592,Chapel End,88.5,166.0,0.92,4.835,44,456000.0,142.0,15806.0,85.80890337,8580.890337
513,E05000593,Chingford Green,72.5,206.5,0.44499999999999995,4.8100000000000005,12,440000.0,136.0,11066.0,29.68347639,2968.347639
514,E05000594,Endlebury,83.5,354.0,0.47500000000000003,4.855,4,471250.0,134.0,11972.0,61.11281266,6111.281266
515,E05000595,Forest,125.0,178.0,0.51,4.825,24,475000.0,103.0,13249.0,66.74559194,6674.559194
516,E05000596,Grove Green,80.0,126.0,0.78,4.78,81,450000.0,182.0,16247.0,180.9242762,18092.42762
517,E05000597,Hale End and Highams Park,52.0,206.0,0.94,4.9,19,500000.0,123.0,13267.0,56.45531915,5645.531915
518,E05000598,Hatch Lane,67.5,277.0,0.7250000000000001,4.890000000000001,10,425000.0,124.0,11485.0,47.49793218,4749.793218
519,E05000599,High Street,110.0,115.5,0.625,4.865,78,457250.0,136.0,17227.0,56.27899379,5627.899379
520,E05000600,Higham Hill,99.5,153.5,0.625,4.8,60,440000.0,171.0,17239.0,53.50403476,5350.403476
521,E05000601,Hoe Street,94.0,228.0,1.22,4.835,70,515000.0,161.0,15332.0,139.76299,13976.299
522,E05000602,Larkswood,52.5,219.0,0.46499999999999997,4.855,18,406250.0,122.0,12695.0,61.35814403,6135.814403
523,E05000603,Lea Bridge,95.0,141.0,0.8,4.86,51,391000.0,160.0,18913.0,71.5047259,7150.47259
524,E05000604,Leyton,60.0,167.0,0.38,4.77,67,415000.0,133.0,19471.0,95.63359528,9563.359528
525,E05000605,Leytonstone,99.5,174.5,0.61,4.75,82,440000.0,131.0,13438.0,102.5801527,10258.01527
526,E05000606,Markhouse,99.0,145.5,0.69,4.835,64,475000.0,155.0,17504.0,120.3851444,12038.51444
527,E05000607,Valley,56.5,208.0,1.185,4.85,10,401000.0,146.0,12277.0,61.97375063,6197.375063
528,E05000608,William Morris,118.5,165.0,0.545,4.865,72,495000.0,129.0,18142.0,181.6016016,18160.16016
529,E05000609,Wood Street,80.0,158.0,0.89,4.835,42,462500.0,140.0,15538.0,84.21680217,8421.680217
530,E05000610,Balham,129.5,130.0,1.005,4.795,72,656500.0,252.0,15711.0,130.057947,13005.7947
531,E05000611,Bedford,120.0,211.5,0.59,4.795,70,592875.0,176.0,14514.0,80.45454545,8045.454545
532,E05000612,Earlsfield,144.0,165.0,0.58,4.8149999999999995,84,595000.0,239.0,17835.0,126.3997165,12639.97165
533,E05000613,East Putney,130.0,184.0,0.86,4.75,95,575000.0,234.0,16755.0,104.1330019,10413.30019
534,E05000614,Fairfield,133.0,179.0,0.99,4.81,141,610000.0,189.0,18522.0,127.2989691,12729.89691
535,E05000615,Furzedown,75.5,149.0,0.605,4.835,72,485000.0,137.0,15866.0,112.2859165,11228.59165
536,E05000616,Graveney,86.5,212.0,0.925,4.78,86,545000.0,189.0,16797.0,166.6369048,16663.69048
537,E05000617,Latchmere,114.0,182.0,1.0,4.63,136,562500.0,126.0,16453.0,151.640553,15164.0553
538,E05000618,Nightingale,132.5,145.5,0.69,4.8149999999999995,78,661750.0,212.0,15287.0,124.1835906,12418.35906
539,E05000619,Northcote,180.0,244.0,0.63,4.76,147,815000.0,189.0,16606.0,98.90410959,9890.410959
540,E05000620,Queenstown,170.0,154.0,0.86,4.76,343,815500.0,1178.0,32206.0,100.3927681,10039.27681
541,E05000621,Roehampton and Putney Heath,62.0,175.0,0.69,4.86,45,396000.0,85.0,16687.0,37.71925859,3771.925859
542,E05000622,St. Mary's Park,129.0,161.0,1.02,4.75,255,700000.0,325.0,20967.0,150.1934097,15019.34097
543,E05000623,Shaftesbury,147.0,163.0,0.72,4.77,121,770000.0,215.0,14758.0,155.6751055,15567.51055
544,E05000624,Southfields,137.0,134.0,0.66,4.78,159,625000.0,307.0,18425.0,121.0578187,12105.78187
545,E05000625,Thamesfield,132.0,159.0,0.65,4.82,119,755000.0,243.0,18912.0,98.44872462,9844.872462
546,E05000626,Tooting,100.0,243.0,0.615,4.8,94,533000.0,127.0,17717.0,110.4551122,11045.51122
547,E05000627,Wandsworth Common,136.0,170.0,0.69,4.81,81,690000.0,181.0,16561.0,60.00362319,6000.362319
548,E05000628,West Hill,100.0,175.0,0.58,4.87,117,430000.0,142.0,17065.0,101.0959716,10109.59716
549,E05000629,West Putney,118.5,166.0,0.54,4.8,80,600000.0,213.0,15633.0,84.68580715,8468.580715
550,E05000630,Abbey Road,152.5,168.5,1.0,4.77,84,1032500.0,108.0,13518.0,123.4520548,12345.20548
551,E05000631,Bayswater,175.0,168.5,0.96,4.69,256,930500.0,116.0,11847.0,228.7065637,22870.65637
552,E05000632,Bryanston and Dorset Square,188.0,148.0,1.02,4.56,542,1055000.0,147.0,14402.0,199.197787,19919.7787
553,E05000633,Churchill,143.0,133.0,1.22,4.67,141,745000.0,68.0,13063.0,214.499179,21449.9179
554,E05000634,Church Street,139.5,146.0,1.01,4.455,212,500000.0,29.0,15152.0,341.2612613,34126.12613
555,E05000635,Harrow Road,119.0,140.0,0.97,4.58,225,575000.0,101.0,13905.0,280.9090909,28090.90909
556,E05000636,Hyde Park,198.0,175.0,1.0,4.5,617,1137500.0,184.0,16868.0,175.8915537,17589.15537
557,E05000637,Knightsbridge and Belgravia,331.0,182.0,0.79,4.6,211,2882600.0,107.0,10408.0,28.96743668,2896.743668
558,E05000638,Lancaster Gate,158.0,174.0,1.0,4.53,723,1020000.0,141.0,15572.0,247.1746032,24717.46032
559,E05000639,Little Venice,168.0,143.0,1.18,4.6,167,860000.0,104.0,13514.0,212.4842767,21248.42767
560,E05000640,Maida Vale,134.0,165.0,0.765,4.645,124,948750.0,94.0,12092.0,187.1826625,18718.26625
561,E05000641,Marylebone High Street,255.0,163.0,0.77,4.64,383,1737500.0,140.0,13004.0,129.9100899,12991.00899
562,E05000642,Queen's Park,128.0,141.0,1.0,4.67,117,600000.0,71.0,13917.0,238.7135506,23871.35506
563,E05000643,Regent's Park,157.0,178.0,0.875,4.695,130,977300.0,124.0,13777.0,61.06826241,6106.826241
564,E05000644,St. James's,269.0,198.0,1.02,4.69,784,1630000.0,382.0,16496.0,47.56632065,4756.632065
565,E05000645,Tachbrook,182.0,200.0,1.6,4.73,139,820000.0,55.0,9395.0,211.5990991,21159.90991
566,E05000646,Vincent Square,189.5,96.0,1.7,4.7,132,1000000.0,166.0,13120.0,191.2536443,19125.36443
567,E05000647,Warwick,170.0,195.0,1.27,4.6,235,850000.0,90.0,10884.0,189.6167247,18961.67247
568,E05000648,Westbourne,128.0,167.0,1.15,4.7,143,655000.0,82.0,14808.0,219.7032641,21970.32641
569,E05000649,West End,272.0,183.0,0.99,4.65,959,2065000.0,146.0,13852.0,69.3987976,6939.87976
